/*
 Navicat Premium Data Transfer

 Source Server         : 远程连接
 Source Server Type    : MySQL
 Source Server Version : 50614
 Source Host           : 120.27.159.112
 Source Database       : yz

 Target Server Type    : MySQL
 Target Server Version : 50614
 File Encoding         : utf-8

 Date: 07/13/2017 13:23:44 PM
*/

SET NAMES utf8mb4;
SET FOREIGN_KEY_CHECKS = 0;

-- ----------------------------
--  Table structure for `b_admin_log`
-- ----------------------------
DROP TABLE IF EXISTS `b_admin_log`;
CREATE TABLE `b_admin_log` (
  `id` varchar(50) NOT NULL,
  `source` int(11) DEFAULT '1' COMMENT '来源 1:操作日志 2:异常日志',
  `type` int(11) DEFAULT '0' COMMENT '种类',
  `group_code` varchar(20) DEFAULT NULL COMMENT '用户组',
  `role_code` varchar(20) DEFAULT NULL COMMENT '角色',
  `user_id` varchar(50) DEFAULT NULL COMMENT '用户id',
  `account` varchar(50) DEFAULT NULL COMMENT '账号',
  `content` text COMMENT '描述',
  `ip` varchar(20) DEFAULT NULL COMMENT 'ip',
  `url` varchar(255) DEFAULT NULL COMMENT 'url',
  `create_time` datetime DEFAULT NULL COMMENT '创建时间',
  PRIMARY KEY (`id`)
) ENGINE=InnoDB DEFAULT CHARSET=utf8 COMMENT='系统操作日志表';

-- ----------------------------
--  Table structure for `b_areas`
-- ----------------------------
DROP TABLE IF EXISTS `b_areas`;
CREATE TABLE `b_areas` (
  `id` int(11) NOT NULL AUTO_INCREMENT,
  `area_code` varchar(20) NOT NULL,
  `area` varchar(50) NOT NULL,
  `city_code` varchar(20) NOT NULL,
  PRIMARY KEY (`id`)
) ENGINE=MyISAM AUTO_INCREMENT=3145 DEFAULT CHARSET=utf8 COMMENT='行政区域县区信息表';

-- ----------------------------
--  Records of `b_areas`
-- ----------------------------
BEGIN;
INSERT INTO `b_areas` VALUES ('1', '110101', '东城区', '110100'), ('2', '110102', '西城区', '110100'), ('3', '110103', '崇文区', '110100'), ('4', '110104', '宣武区', '110100'), ('5', '110105', '朝阳区', '110100'), ('6', '110106', '丰台区', '110100'), ('7', '110107', '石景山区', '110100'), ('8', '110108', '海淀区', '110100'), ('9', '110109', '门头沟区', '110100'), ('10', '110111', '房山区', '110100'), ('11', '110112', '通州区', '110100'), ('12', '110113', '顺义区', '110100'), ('13', '110114', '昌平区', '110100'), ('14', '110115', '大兴区', '110100'), ('15', '110116', '怀柔区', '110100'), ('16', '110117', '平谷区', '110100'), ('17', '110228', '密云县', '110200'), ('18', '110229', '延庆县', '110200'), ('19', '120101', '和平区', '120100'), ('20', '120102', '河东区', '120100'), ('21', '120103', '河西区', '120100'), ('22', '120104', '南开区', '120100'), ('23', '120105', '河北区', '120100'), ('24', '120106', '红桥区', '120100'), ('25', '120107', '塘沽区', '120100'), ('26', '120108', '汉沽区', '120100'), ('27', '120109', '大港区', '120100'), ('28', '120110', '东丽区', '120100'), ('29', '120111', '西青区', '120100'), ('30', '120112', '津南区', '120100'), ('31', '120113', '北辰区', '120100'), ('32', '120114', '武清区', '120100'), ('33', '120115', '宝坻区', '120100'), ('34', '120221', '宁河县', '120200'), ('35', '120223', '静海县', '120200'), ('36', '120225', '蓟　县', '120200'), ('37', '130101', '市辖区', '130100'), ('38', '130102', '长安区', '130100'), ('39', '130103', '桥东区', '130100'), ('40', '130104', '桥西区', '130100'), ('41', '130105', '新华区', '130100'), ('42', '130107', '井陉矿区', '130100'), ('43', '130108', '裕华区', '130100'), ('44', '130121', '井陉县', '130100'), ('45', '130123', '正定县', '130100'), ('46', '130124', '栾城县', '130100'), ('47', '130125', '行唐县', '130100'), ('48', '130126', '灵寿县', '130100'), ('49', '130127', '高邑县', '130100'), ('50', '130128', '深泽县', '130100'), ('51', '130129', '赞皇县', '130100'), ('52', '130130', '无极县', '130100'), ('53', '130131', '平山县', '130100'), ('54', '130132', '元氏县', '130100'), ('55', '130133', '赵　县', '130100'), ('56', '130181', '辛集市', '130100'), ('57', '130182', '藁城市', '130100'), ('58', '130183', '晋州市', '130100'), ('59', '130184', '新乐市', '130100'), ('60', '130185', '鹿泉市', '130100'), ('61', '130201', '市辖区', '130200'), ('62', '130202', '路南区', '130200'), ('63', '130203', '路北区', '130200'), ('64', '130204', '古冶区', '130200'), ('65', '130205', '开平区', '130200'), ('66', '130207', '丰南区', '130200'), ('67', '130208', '丰润区', '130200'), ('68', '130223', '滦　县', '130200'), ('69', '130224', '滦南县', '130200'), ('70', '130225', '乐亭县', '130200'), ('71', '130227', '迁西县', '130200'), ('72', '130229', '玉田县', '130200'), ('73', '130230', '唐海县', '130200'), ('74', '130281', '遵化市', '130200'), ('75', '130283', '迁安市', '130200'), ('76', '130301', '市辖区', '130300'), ('77', '130302', '海港区', '130300'), ('78', '130303', '山海关区', '130300'), ('79', '130304', '北戴河区', '130300'), ('80', '130321', '青龙满族自治县', '130300'), ('81', '130322', '昌黎县', '130300'), ('82', '130323', '抚宁县', '130300'), ('83', '130324', '卢龙县', '130300'), ('84', '130401', '市辖区', '130400'), ('85', '130402', '邯山区', '130400'), ('86', '130403', '丛台区', '130400'), ('87', '130404', '复兴区', '130400'), ('88', '130406', '峰峰矿区', '130400'), ('89', '130421', '邯郸县', '130400'), ('90', '130423', '临漳县', '130400'), ('91', '130424', '成安县', '130400'), ('92', '130425', '大名县', '130400'), ('93', '130426', '涉　县', '130400'), ('94', '130427', '磁　县', '130400'), ('95', '130428', '肥乡县', '130400'), ('96', '130429', '永年县', '130400'), ('97', '130430', '邱　县', '130400'), ('98', '130431', '鸡泽县', '130400'), ('99', '130432', '广平县', '130400'), ('100', '130433', '馆陶县', '130400'), ('101', '130434', '魏　县', '130400'), ('102', '130435', '曲周县', '130400'), ('103', '130481', '武安市', '130400'), ('104', '130501', '市辖区', '130500'), ('105', '130502', '桥东区', '130500'), ('106', '130503', '桥西区', '130500'), ('107', '130521', '邢台县', '130500'), ('108', '130522', '临城县', '130500'), ('109', '130523', '内丘县', '130500'), ('110', '130524', '柏乡县', '130500'), ('111', '130525', '隆尧县', '130500'), ('112', '130526', '任　县', '130500'), ('113', '130527', '南和县', '130500'), ('114', '130528', '宁晋县', '130500'), ('115', '130529', '巨鹿县', '130500'), ('116', '130530', '新河县', '130500'), ('117', '130531', '广宗县', '130500'), ('118', '130532', '平乡县', '130500'), ('119', '130533', '威　县', '130500'), ('120', '130534', '清河县', '130500'), ('121', '130535', '临西县', '130500'), ('122', '130581', '南宫市', '130500'), ('123', '130582', '沙河市', '130500'), ('124', '130601', '市辖区', '130600'), ('125', '130602', '新市区', '130600'), ('126', '130603', '北市区', '130600'), ('127', '130604', '南市区', '130600'), ('128', '130621', '满城县', '130600'), ('129', '130622', '清苑县', '130600'), ('130', '130623', '涞水县', '130600'), ('131', '130624', '阜平县', '130600'), ('132', '130625', '徐水县', '130600'), ('133', '130626', '定兴县', '130600'), ('134', '130627', '唐　县', '130600'), ('135', '130628', '高阳县', '130600'), ('136', '130629', '容城县', '130600'), ('137', '130630', '涞源县', '130600'), ('138', '130631', '望都县', '130600'), ('139', '130632', '安新县', '130600'), ('140', '130633', '易　县', '130600'), ('141', '130634', '曲阳县', '130600'), ('142', '130635', '蠡　县', '130600'), ('143', '130636', '顺平县', '130600'), ('144', '130637', '博野县', '130600'), ('145', '130638', '雄　县', '130600'), ('146', '130681', '涿州市', '130600'), ('147', '130682', '定州市', '130600'), ('148', '130683', '安国市', '130600'), ('149', '130684', '高碑店市', '130600'), ('150', '130701', '市辖区', '130700'), ('151', '130702', '桥东区', '130700'), ('152', '130703', '桥西区', '130700'), ('153', '130705', '宣化区', '130700'), ('154', '130706', '下花园区', '130700'), ('155', '130721', '宣化县', '130700'), ('156', '130722', '张北县', '130700'), ('157', '130723', '康保县', '130700'), ('158', '130724', '沽源县', '130700'), ('159', '130725', '尚义县', '130700'), ('160', '130726', '蔚　县', '130700'), ('161', '130727', '阳原县', '130700'), ('162', '130728', '怀安县', '130700'), ('163', '130729', '万全县', '130700'), ('164', '130730', '怀来县', '130700'), ('165', '130731', '涿鹿县', '130700'), ('166', '130732', '赤城县', '130700'), ('167', '130733', '崇礼县', '130700'), ('168', '130801', '市辖区', '130800'), ('169', '130802', '双桥区', '130800'), ('170', '130803', '双滦区', '130800'), ('171', '130804', '鹰手营子矿区', '130800'), ('172', '130821', '承德县', '130800'), ('173', '130822', '兴隆县', '130800'), ('174', '130823', '平泉县', '130800'), ('175', '130824', '滦平县', '130800'), ('176', '130825', '隆化县', '130800'), ('177', '130826', '丰宁满族自治县', '130800'), ('178', '130827', '宽城满族自治县', '130800'), ('179', '130828', '围场满族蒙古族自治县', '130800'), ('180', '130901', '市辖区', '130900'), ('181', '130902', '新华区', '130900'), ('182', '130903', '运河区', '130900'), ('183', '130921', '沧　县', '130900'), ('184', '130922', '青　县', '130900'), ('185', '130923', '东光县', '130900'), ('186', '130924', '海兴县', '130900'), ('187', '130925', '盐山县', '130900'), ('188', '130926', '肃宁县', '130900'), ('189', '130927', '南皮县', '130900'), ('190', '130928', '吴桥县', '130900'), ('191', '130929', '献　县', '130900'), ('192', '130930', '孟村回族自治县', '130900'), ('193', '130981', '泊头市', '130900'), ('194', '130982', '任丘市', '130900'), ('195', '130983', '黄骅市', '130900'), ('196', '130984', '河间市', '130900'), ('197', '131001', '市辖区', '131000'), ('198', '131002', '安次区', '131000'), ('199', '131003', '广阳区', '131000'), ('200', '131022', '固安县', '131000'), ('201', '131023', '永清县', '131000'), ('202', '131024', '香河县', '131000'), ('203', '131025', '大城县', '131000'), ('204', '131026', '文安县', '131000'), ('205', '131028', '大厂回族自治县', '131000'), ('206', '131081', '霸州市', '131000'), ('207', '131082', '三河市', '131000'), ('208', '131101', '市辖区', '131100'), ('209', '131102', '桃城区', '131100'), ('210', '131121', '枣强县', '131100'), ('211', '131122', '武邑县', '131100'), ('212', '131123', '武强县', '131100'), ('213', '131124', '饶阳县', '131100'), ('214', '131125', '安平县', '131100'), ('215', '131126', '故城县', '131100'), ('216', '131127', '景　县', '131100'), ('217', '131128', '阜城县', '131100'), ('218', '131181', '冀州市', '131100'), ('219', '131182', '深州市', '131100'), ('220', '140101', '市辖区', '140100'), ('221', '140105', '小店区', '140100'), ('222', '140106', '迎泽区', '140100'), ('223', '140107', '杏花岭区', '140100'), ('224', '140108', '尖草坪区', '140100'), ('225', '140109', '万柏林区', '140100'), ('226', '140110', '晋源区', '140100'), ('227', '140121', '清徐县', '140100'), ('228', '140122', '阳曲县', '140100'), ('229', '140123', '娄烦县', '140100'), ('230', '140181', '古交市', '140100'), ('231', '140201', '市辖区', '140200'), ('232', '140202', '城　区', '140200'), ('233', '140203', '矿　区', '140200'), ('234', '140211', '南郊区', '140200'), ('235', '140212', '新荣区', '140200'), ('236', '140221', '阳高县', '140200'), ('237', '140222', '天镇县', '140200'), ('238', '140223', '广灵县', '140200'), ('239', '140224', '灵丘县', '140200'), ('240', '140225', '浑源县', '140200'), ('241', '140226', '左云县', '140200'), ('242', '140227', '大同县', '140200'), ('243', '140301', '市辖区', '140300'), ('244', '140302', '城　区', '140300'), ('245', '140303', '矿　区', '140300'), ('246', '140311', '郊　区', '140300'), ('247', '140321', '平定县', '140300'), ('248', '140322', '盂　县', '140300'), ('249', '140401', '市辖区', '140400'), ('250', '140402', '城　区', '140400'), ('251', '140411', '郊　区', '140400'), ('252', '140421', '长治县', '140400'), ('253', '140423', '襄垣县', '140400'), ('254', '140424', '屯留县', '140400'), ('255', '140425', '平顺县', '140400'), ('256', '140426', '黎城县', '140400'), ('257', '140427', '壶关县', '140400'), ('258', '140428', '长子县', '140400'), ('259', '140429', '武乡县', '140400'), ('260', '140430', '沁　县', '140400'), ('261', '140431', '沁源县', '140400'), ('262', '140481', '潞城市', '140400'), ('263', '140501', '市辖区', '140500'), ('264', '140502', '城　区', '140500'), ('265', '140521', '沁水县', '140500'), ('266', '140522', '阳城县', '140500'), ('267', '140524', '陵川县', '140500'), ('268', '140525', '泽州县', '140500'), ('269', '140581', '高平市', '140500'), ('270', '140601', '市辖区', '140600'), ('271', '140602', '朔城区', '140600'), ('272', '140603', '平鲁区', '140600'), ('273', '140621', '山阴县', '140600'), ('274', '140622', '应　县', '140600'), ('275', '140623', '右玉县', '140600'), ('276', '140624', '怀仁县', '140600'), ('277', '140701', '市辖区', '140700'), ('278', '140702', '榆次区', '140700'), ('279', '140721', '榆社县', '140700'), ('280', '140722', '左权县', '140700'), ('281', '140723', '和顺县', '140700'), ('282', '140724', '昔阳县', '140700'), ('283', '140725', '寿阳县', '140700'), ('284', '140726', '太谷县', '140700'), ('285', '140727', '祁　县', '140700'), ('286', '140728', '平遥县', '140700'), ('287', '140729', '灵石县', '140700'), ('288', '140781', '介休市', '140700'), ('289', '140801', '市辖区', '140800'), ('290', '140802', '盐湖区', '140800'), ('291', '140821', '临猗县', '140800'), ('292', '140822', '万荣县', '140800'), ('293', '140823', '闻喜县', '140800'), ('294', '140824', '稷山县', '140800'), ('295', '140825', '新绛县', '140800'), ('296', '140826', '绛　县', '140800'), ('297', '140827', '垣曲县', '140800'), ('298', '140828', '夏　县', '140800'), ('299', '140829', '平陆县', '140800'), ('300', '140830', '芮城县', '140800'), ('301', '140881', '永济市', '140800'), ('302', '140882', '河津市', '140800'), ('303', '140901', '市辖区', '140900'), ('304', '140902', '忻府区', '140900'), ('305', '140921', '定襄县', '140900'), ('306', '140922', '五台县', '140900'), ('307', '140923', '代　县', '140900'), ('308', '140924', '繁峙县', '140900'), ('309', '140925', '宁武县', '140900'), ('310', '140926', '静乐县', '140900'), ('311', '140927', '神池县', '140900'), ('312', '140928', '五寨县', '140900'), ('313', '140929', '岢岚县', '140900'), ('314', '140930', '河曲县', '140900'), ('315', '140931', '保德县', '140900'), ('316', '140932', '偏关县', '140900'), ('317', '140981', '原平市', '140900'), ('318', '141001', '市辖区', '141000'), ('319', '141002', '尧都区', '141000'), ('320', '141021', '曲沃县', '141000'), ('321', '141022', '翼城县', '141000'), ('322', '141023', '襄汾县', '141000'), ('323', '141024', '洪洞县', '141000'), ('324', '141025', '古　县', '141000'), ('325', '141026', '安泽县', '141000'), ('326', '141027', '浮山县', '141000'), ('327', '141028', '吉　县', '141000'), ('328', '141029', '乡宁县', '141000'), ('329', '141030', '大宁县', '141000'), ('330', '141031', '隰　县', '141000'), ('331', '141032', '永和县', '141000'), ('332', '141033', '蒲　县', '141000'), ('333', '141034', '汾西县', '141000'), ('334', '141081', '侯马市', '141000'), ('335', '141082', '霍州市', '141000'), ('336', '141101', '市辖区', '141100'), ('337', '141102', '离石区', '141100'), ('338', '141121', '文水县', '141100'), ('339', '141122', '交城县', '141100'), ('340', '141123', '兴　县', '141100'), ('341', '141124', '临　县', '141100'), ('342', '141125', '柳林县', '141100'), ('343', '141126', '石楼县', '141100'), ('344', '141127', '岚　县', '141100'), ('345', '141128', '方山县', '141100'), ('346', '141129', '中阳县', '141100'), ('347', '141130', '交口县', '141100'), ('348', '141181', '孝义市', '141100'), ('349', '141182', '汾阳市', '141100'), ('350', '150101', '市辖区', '150100'), ('351', '150102', '新城区', '150100'), ('352', '150103', '回民区', '150100'), ('353', '150104', '玉泉区', '150100'), ('354', '150105', '赛罕区', '150100'), ('355', '150121', '土默特左旗', '150100'), ('356', '150122', '托克托县', '150100'), ('357', '150123', '和林格尔县', '150100'), ('358', '150124', '清水河县', '150100'), ('359', '150125', '武川县', '150100'), ('360', '150201', '市辖区', '150200'), ('361', '150202', '东河区', '150200'), ('362', '150203', '昆都仑区', '150200'), ('363', '150204', '青山区', '150200'), ('364', '150205', '石拐区', '150200'), ('365', '150206', '白云矿区', '150200'), ('366', '150207', '九原区', '150200'), ('367', '150221', '土默特右旗', '150200'), ('368', '150222', '固阳县', '150200'), ('369', '150223', '达尔罕茂明安联合旗', '150200'), ('370', '150301', '市辖区', '150300'), ('371', '150302', '海勃湾区', '150300'), ('372', '150303', '海南区', '150300'), ('373', '150304', '乌达区', '150300'), ('374', '150401', '市辖区', '150400'), ('375', '150402', '红山区', '150400'), ('376', '150403', '元宝山区', '150400'), ('377', '150404', '松山区', '150400'), ('378', '150421', '阿鲁科尔沁旗', '150400'), ('379', '150422', '巴林左旗', '150400'), ('380', '150423', '巴林右旗', '150400'), ('381', '150424', '林西县', '150400'), ('382', '150425', '克什克腾旗', '150400'), ('383', '150426', '翁牛特旗', '150400'), ('384', '150428', '喀喇沁旗', '150400'), ('385', '150429', '宁城县', '150400'), ('386', '150430', '敖汉旗', '150400'), ('387', '150501', '市辖区', '150500'), ('388', '150502', '科尔沁区', '150500'), ('389', '150521', '科尔沁左翼中旗', '150500'), ('390', '150522', '科尔沁左翼后旗', '150500'), ('391', '150523', '开鲁县', '150500'), ('392', '150524', '库伦旗', '150500'), ('393', '150525', '奈曼旗', '150500'), ('394', '150526', '扎鲁特旗', '150500'), ('395', '150581', '霍林郭勒市', '150500'), ('396', '150602', '东胜区', '150600'), ('397', '150621', '达拉特旗', '150600'), ('398', '150622', '准格尔旗', '150600'), ('399', '150623', '鄂托克前旗', '150600'), ('400', '150624', '鄂托克旗', '150600'), ('401', '150625', '杭锦旗', '150600'), ('402', '150626', '乌审旗', '150600'), ('403', '150627', '伊金霍洛旗', '150600'), ('404', '150701', '市辖区', '150700'), ('405', '150702', '海拉尔区', '150700'), ('406', '150721', '阿荣旗', '150700'), ('407', '150722', '莫力达瓦达斡尔族自治旗', '150700'), ('408', '150723', '鄂伦春自治旗', '150700'), ('409', '150724', '鄂温克族自治旗', '150700'), ('410', '150725', '陈巴尔虎旗', '150700'), ('411', '150726', '新巴尔虎左旗', '150700'), ('412', '150727', '新巴尔虎右旗', '150700'), ('413', '150781', '满洲里市', '150700'), ('414', '150782', '牙克石市', '150700'), ('415', '150783', '扎兰屯市', '150700'), ('416', '150784', '额尔古纳市', '150700'), ('417', '150785', '根河市', '150700'), ('418', '150801', '市辖区', '150800'), ('419', '150802', '临河区', '150800'), ('420', '150821', '五原县', '150800'), ('421', '150822', '磴口县', '150800'), ('422', '150823', '乌拉特前旗', '150800'), ('423', '150824', '乌拉特中旗', '150800'), ('424', '150825', '乌拉特后旗', '150800'), ('425', '150826', '杭锦后旗', '150800'), ('426', '150901', '市辖区', '150900'), ('427', '150902', '集宁区', '150900'), ('428', '150921', '卓资县', '150900'), ('429', '150922', '化德县', '150900'), ('430', '150923', '商都县', '150900'), ('431', '150924', '兴和县', '150900'), ('432', '150925', '凉城县', '150900'), ('433', '150926', '察哈尔右翼前旗', '150900'), ('434', '150927', '察哈尔右翼中旗', '150900'), ('435', '150928', '察哈尔右翼后旗', '150900'), ('436', '150929', '四子王旗', '150900'), ('437', '150981', '丰镇市', '150900'), ('438', '152201', '乌兰浩特市', '152200'), ('439', '152202', '阿尔山市', '152200'), ('440', '152221', '科尔沁右翼前旗', '152200'), ('441', '152222', '科尔沁右翼中旗', '152200'), ('442', '152223', '扎赉特旗', '152200'), ('443', '152224', '突泉县', '152200'), ('444', '152501', '二连浩特市', '152500'), ('445', '152502', '锡林浩特市', '152500'), ('446', '152522', '阿巴嘎旗', '152500'), ('447', '152523', '苏尼特左旗', '152500'), ('448', '152524', '苏尼特右旗', '152500'), ('449', '152525', '东乌珠穆沁旗', '152500'), ('450', '152526', '西乌珠穆沁旗', '152500'), ('451', '152527', '太仆寺旗', '152500'), ('452', '152528', '镶黄旗', '152500'), ('453', '152529', '正镶白旗', '152500'), ('454', '152530', '正蓝旗', '152500'), ('455', '152531', '多伦县', '152500'), ('456', '152921', '阿拉善左旗', '152900'), ('457', '152922', '阿拉善右旗', '152900'), ('458', '152923', '额济纳旗', '152900'), ('459', '210101', '市辖区', '210100'), ('460', '210102', '和平区', '210100'), ('461', '210103', '沈河区', '210100'), ('462', '210104', '大东区', '210100'), ('463', '210105', '皇姑区', '210100'), ('464', '210106', '铁西区', '210100'), ('465', '210111', '苏家屯区', '210100'), ('466', '210112', '东陵区', '210100'), ('467', '210113', '新城子区', '210100'), ('468', '210114', '于洪区', '210100'), ('469', '210122', '辽中县', '210100'), ('470', '210123', '康平县', '210100'), ('471', '210124', '法库县', '210100'), ('472', '210181', '新民市', '210100'), ('473', '210201', '市辖区', '210200'), ('474', '210202', '中山区', '210200'), ('475', '210203', '西岗区', '210200'), ('476', '210204', '沙河口区', '210200'), ('477', '210211', '甘井子区', '210200'), ('478', '210212', '旅顺口区', '210200'), ('479', '210213', '金州区', '210200'), ('480', '210224', '长海县', '210200'), ('481', '210281', '瓦房店市', '210200'), ('482', '210282', '普兰店市', '210200'), ('483', '210283', '庄河市', '210200'), ('484', '210301', '市辖区', '210300'), ('485', '210302', '铁东区', '210300'), ('486', '210303', '铁西区', '210300'), ('487', '210304', '立山区', '210300'), ('488', '210311', '千山区', '210300'), ('489', '210321', '台安县', '210300'), ('490', '210323', '岫岩满族自治县', '210300'), ('491', '210381', '海城市', '210300'), ('492', '210401', '市辖区', '210400'), ('493', '210402', '新抚区', '210400'), ('494', '210403', '东洲区', '210400'), ('495', '210404', '望花区', '210400'), ('496', '210411', '顺城区', '210400'), ('497', '210421', '抚顺县', '210400'), ('498', '210422', '新宾满族自治县', '210400'), ('499', '210423', '清原满族自治县', '210400'), ('500', '210501', '市辖区', '210500'), ('501', '210502', '平山区', '210500'), ('502', '210503', '溪湖区', '210500'), ('503', '210504', '明山区', '210500'), ('504', '210505', '南芬区', '210500'), ('505', '210521', '本溪满族自治县', '210500'), ('506', '210522', '桓仁满族自治县', '210500'), ('507', '210601', '市辖区', '210600'), ('508', '210602', '元宝区', '210600'), ('509', '210603', '振兴区', '210600'), ('510', '210604', '振安区', '210600'), ('511', '210624', '宽甸满族自治县', '210600'), ('512', '210681', '东港市', '210600'), ('513', '210682', '凤城市', '210600'), ('514', '210701', '市辖区', '210700'), ('515', '210702', '古塔区', '210700'), ('516', '210703', '凌河区', '210700'), ('517', '210711', '太和区', '210700'), ('518', '210726', '黑山县', '210700'), ('519', '210727', '义　县', '210700'), ('520', '210781', '凌海市', '210700'), ('521', '210782', '北宁市', '210700'), ('522', '210801', '市辖区', '210800'), ('523', '210802', '站前区', '210800'), ('524', '210803', '西市区', '210800'), ('525', '210804', '鲅鱼圈区', '210800'), ('526', '210811', '老边区', '210800'), ('527', '210881', '盖州市', '210800'), ('528', '210882', '大石桥市', '210800'), ('529', '210901', '市辖区', '210900'), ('530', '210902', '海州区', '210900'), ('531', '210903', '新邱区', '210900'), ('532', '210904', '太平区', '210900'), ('533', '210905', '清河门区', '210900'), ('534', '210911', '细河区', '210900'), ('535', '210921', '阜新蒙古族自治县', '210900'), ('536', '210922', '彰武县', '210900'), ('537', '211001', '市辖区', '211000'), ('538', '211002', '白塔区', '211000'), ('539', '211003', '文圣区', '211000'), ('540', '211004', '宏伟区', '211000'), ('541', '211005', '弓长岭区', '211000'), ('542', '211011', '太子河区', '211000'), ('543', '211021', '辽阳县', '211000'), ('544', '211081', '灯塔市', '211000'), ('545', '211101', '市辖区', '211100'), ('546', '211102', '双台子区', '211100'), ('547', '211103', '兴隆台区', '211100'), ('548', '211121', '大洼县', '211100'), ('549', '211122', '盘山县', '211100'), ('550', '211201', '市辖区', '211200'), ('551', '211202', '银州区', '211200'), ('552', '211204', '清河区', '211200'), ('553', '211221', '铁岭县', '211200'), ('554', '211223', '西丰县', '211200'), ('555', '211224', '昌图县', '211200'), ('556', '211281', '调兵山市', '211200'), ('557', '211282', '开原市', '211200'), ('558', '211301', '市辖区', '211300'), ('559', '211302', '双塔区', '211300'), ('560', '211303', '龙城区', '211300'), ('561', '211321', '朝阳县', '211300'), ('562', '211322', '建平县', '211300'), ('563', '211324', '喀喇沁左翼蒙古族自治县', '211300'), ('564', '211381', '北票市', '211300'), ('565', '211382', '凌源市', '211300'), ('566', '211401', '市辖区', '211400'), ('567', '211402', '连山区', '211400'), ('568', '211403', '龙港区', '211400'), ('569', '211404', '南票区', '211400'), ('570', '211421', '绥中县', '211400'), ('571', '211422', '建昌县', '211400'), ('572', '211481', '兴城市', '211400'), ('573', '220101', '市辖区', '220100'), ('574', '220102', '南关区', '220100'), ('575', '220103', '宽城区', '220100'), ('576', '220104', '朝阳区', '220100'), ('577', '220105', '二道区', '220100'), ('578', '220106', '绿园区', '220100'), ('579', '220112', '双阳区', '220100'), ('580', '220122', '农安县', '220100'), ('581', '220181', '九台市', '220100'), ('582', '220182', '榆树市', '220100'), ('583', '220183', '德惠市', '220100'), ('584', '220201', '市辖区', '220200'), ('585', '220202', '昌邑区', '220200'), ('586', '220203', '龙潭区', '220200'), ('587', '220204', '船营区', '220200'), ('588', '220211', '丰满区', '220200'), ('589', '220221', '永吉县', '220200'), ('590', '220281', '蛟河市', '220200'), ('591', '220282', '桦甸市', '220200'), ('592', '220283', '舒兰市', '220200'), ('593', '220284', '磐石市', '220200'), ('594', '220301', '市辖区', '220300'), ('595', '220302', '铁西区', '220300'), ('596', '220303', '铁东区', '220300'), ('597', '220322', '梨树县', '220300'), ('598', '220323', '伊通满族自治县', '220300'), ('599', '220381', '公主岭市', '220300'), ('600', '220382', '双辽市', '220300'), ('601', '220401', '市辖区', '220400'), ('602', '220402', '龙山区', '220400'), ('603', '220403', '西安区', '220400'), ('604', '220421', '东丰县', '220400'), ('605', '220422', '东辽县', '220400'), ('606', '220501', '市辖区', '220500'), ('607', '220502', '东昌区', '220500'), ('608', '220503', '二道江区', '220500'), ('609', '220521', '通化县', '220500'), ('610', '220523', '辉南县', '220500'), ('611', '220524', '柳河县', '220500'), ('612', '220581', '梅河口市', '220500'), ('613', '220582', '集安市', '220500'), ('614', '220601', '市辖区', '220600'), ('615', '220602', '八道江区', '220600'), ('616', '220621', '抚松县', '220600'), ('617', '220622', '靖宇县', '220600'), ('618', '220623', '长白朝鲜族自治县', '220600'), ('619', '220625', '江源县', '220600'), ('620', '220681', '临江市', '220600'), ('621', '220701', '市辖区', '220700'), ('622', '220702', '宁江区', '220700'), ('623', '220721', '前郭尔罗斯蒙古族自治县', '220700'), ('624', '220722', '长岭县', '220700'), ('625', '220723', '乾安县', '220700'), ('626', '220724', '扶余县', '220700'), ('627', '220801', '市辖区', '220800'), ('628', '220802', '洮北区', '220800'), ('629', '220821', '镇赉县', '220800'), ('630', '220822', '通榆县', '220800'), ('631', '220881', '洮南市', '220800'), ('632', '220882', '大安市', '220800'), ('633', '222401', '延吉市', '222400'), ('634', '222402', '图们市', '222400'), ('635', '222403', '敦化市', '222400'), ('636', '222404', '珲春市', '222400'), ('637', '222405', '龙井市', '222400'), ('638', '222406', '和龙市', '222400'), ('639', '222424', '汪清县', '222400'), ('640', '222426', '安图县', '222400'), ('641', '230101', '市辖区', '230100'), ('642', '230102', '道里区', '230100'), ('643', '230103', '南岗区', '230100'), ('644', '230104', '道外区', '230100'), ('645', '230106', '香坊区', '230100'), ('646', '230107', '动力区', '230100'), ('647', '230108', '平房区', '230100'), ('648', '230109', '松北区', '230100'), ('649', '230111', '呼兰区', '230100'), ('650', '230123', '依兰县', '230100'), ('651', '230124', '方正县', '230100'), ('652', '230125', '宾　县', '230100'), ('653', '230126', '巴彦县', '230100'), ('654', '230127', '木兰县', '230100'), ('655', '230128', '通河县', '230100'), ('656', '230129', '延寿县', '230100'), ('657', '230181', '阿城市', '230100'), ('658', '230182', '双城市', '230100'), ('659', '230183', '尚志市', '230100'), ('660', '230184', '五常市', '230100'), ('661', '230201', '市辖区', '230200'), ('662', '230202', '龙沙区', '230200'), ('663', '230203', '建华区', '230200'), ('664', '230204', '铁锋区', '230200'), ('665', '230205', '昂昂溪区', '230200'), ('666', '230206', '富拉尔基区', '230200'), ('667', '230207', '碾子山区', '230200'), ('668', '230208', '梅里斯达斡尔族区', '230200'), ('669', '230221', '龙江县', '230200'), ('670', '230223', '依安县', '230200'), ('671', '230224', '泰来县', '230200'), ('672', '230225', '甘南县', '230200'), ('673', '230227', '富裕县', '230200'), ('674', '230229', '克山县', '230200'), ('675', '230230', '克东县', '230200'), ('676', '230231', '拜泉县', '230200'), ('677', '230281', '讷河市', '230200'), ('678', '230301', '市辖区', '230300'), ('679', '230302', '鸡冠区', '230300'), ('680', '230303', '恒山区', '230300'), ('681', '230304', '滴道区', '230300'), ('682', '230305', '梨树区', '230300'), ('683', '230306', '城子河区', '230300'), ('684', '230307', '麻山区', '230300'), ('685', '230321', '鸡东县', '230300'), ('686', '230381', '虎林市', '230300'), ('687', '230382', '密山市', '230300'), ('688', '230401', '市辖区', '230400'), ('689', '230402', '向阳区', '230400'), ('690', '230403', '工农区', '230400'), ('691', '230404', '南山区', '230400'), ('692', '230405', '兴安区', '230400'), ('693', '230406', '东山区', '230400'), ('694', '230407', '兴山区', '230400'), ('695', '230421', '萝北县', '230400'), ('696', '230422', '绥滨县', '230400'), ('697', '230501', '市辖区', '230500'), ('698', '230502', '尖山区', '230500'), ('699', '230503', '岭东区', '230500'), ('700', '230505', '四方台区', '230500'), ('701', '230506', '宝山区', '230500'), ('702', '230521', '集贤县', '230500'), ('703', '230522', '友谊县', '230500'), ('704', '230523', '宝清县', '230500'), ('705', '230524', '饶河县', '230500'), ('706', '230601', '市辖区', '230600'), ('707', '230602', '萨尔图区', '230600'), ('708', '230603', '龙凤区', '230600'), ('709', '230604', '让胡路区', '230600'), ('710', '230605', '红岗区', '230600'), ('711', '230606', '大同区', '230600'), ('712', '230621', '肇州县', '230600'), ('713', '230622', '肇源县', '230600'), ('714', '230623', '林甸县', '230600'), ('715', '230624', '杜尔伯特蒙古族自治县', '230600'), ('716', '230701', '市辖区', '230700'), ('717', '230702', '伊春区', '230700'), ('718', '230703', '南岔区', '230700'), ('719', '230704', '友好区', '230700'), ('720', '230705', '西林区', '230700'), ('721', '230706', '翠峦区', '230700'), ('722', '230707', '新青区', '230700'), ('723', '230708', '美溪区', '230700'), ('724', '230709', '金山屯区', '230700'), ('725', '230710', '五营区', '230700'), ('726', '230711', '乌马河区', '230700'), ('727', '230712', '汤旺河区', '230700'), ('728', '230713', '带岭区', '230700'), ('729', '230714', '乌伊岭区', '230700'), ('730', '230715', '红星区', '230700'), ('731', '230716', '上甘岭区', '230700'), ('732', '230722', '嘉荫县', '230700'), ('733', '230781', '铁力市', '230700'), ('734', '230801', '市辖区', '230800'), ('735', '230802', '永红区', '230800'), ('736', '230803', '向阳区', '230800'), ('737', '230804', '前进区', '230800'), ('738', '230805', '东风区', '230800'), ('739', '230811', '郊　区', '230800'), ('740', '230822', '桦南县', '230800'), ('741', '230826', '桦川县', '230800'), ('742', '230828', '汤原县', '230800'), ('743', '230833', '抚远县', '230800'), ('744', '230881', '同江市', '230800'), ('745', '230882', '富锦市', '230800'), ('746', '230901', '市辖区', '230900'), ('747', '230902', '新兴区', '230900'), ('748', '230903', '桃山区', '230900'), ('749', '230904', '茄子河区', '230900'), ('750', '230921', '勃利县', '230900'), ('751', '231001', '市辖区', '231000'), ('752', '231002', '东安区', '231000'), ('753', '231003', '阳明区', '231000'), ('754', '231004', '爱民区', '231000'), ('755', '231005', '西安区', '231000'), ('756', '231024', '东宁县', '231000'), ('757', '231025', '林口县', '231000'), ('758', '231081', '绥芬河市', '231000'), ('759', '231083', '海林市', '231000'), ('760', '231084', '宁安市', '231000'), ('761', '231085', '穆棱市', '231000'), ('762', '231101', '市辖区', '231100'), ('763', '231102', '爱辉区', '231100'), ('764', '231121', '嫩江县', '231100'), ('765', '231123', '逊克县', '231100'), ('766', '231124', '孙吴县', '231100'), ('767', '231181', '北安市', '231100'), ('768', '231182', '五大连池市', '231100'), ('769', '231201', '市辖区', '231200'), ('770', '231202', '北林区', '231200'), ('771', '231221', '望奎县', '231200'), ('772', '231222', '兰西县', '231200'), ('773', '231223', '青冈县', '231200'), ('774', '231224', '庆安县', '231200'), ('775', '231225', '明水县', '231200'), ('776', '231226', '绥棱县', '231200'), ('777', '231281', '安达市', '231200'), ('778', '231282', '肇东市', '231200'), ('779', '231283', '海伦市', '231200'), ('780', '232721', '呼玛县', '232700'), ('781', '232722', '塔河县', '232700'), ('782', '232723', '漠河县', '232700'), ('783', '310101', '黄浦区', '310100'), ('784', '310103', '卢湾区', '310100'), ('785', '310104', '徐汇区', '310100'), ('786', '310105', '长宁区', '310100'), ('787', '310106', '静安区', '310100'), ('788', '310107', '普陀区', '310100'), ('789', '310108', '闸北区', '310100'), ('790', '310109', '虹口区', '310100'), ('791', '310110', '杨浦区', '310100'), ('792', '310112', '闵行区', '310100'), ('793', '310113', '宝山区', '310100'), ('794', '310114', '嘉定区', '310100'), ('795', '310115', '浦东新区', '310100'), ('796', '310116', '金山区', '310100'), ('797', '310117', '松江区', '310100'), ('798', '310118', '青浦区', '310100'), ('799', '310119', '南汇区', '310100'), ('800', '310120', '奉贤区', '310100'), ('801', '310230', '崇明县', '310200'), ('802', '320101', '市辖区', '320100'), ('803', '320102', '玄武区', '320100'), ('804', '320103', '白下区', '320100'), ('805', '320104', '秦淮区', '320100'), ('806', '320105', '建邺区', '320100'), ('807', '320106', '鼓楼区', '320100'), ('808', '320107', '下关区', '320100'), ('809', '320111', '浦口区', '320100'), ('810', '320113', '栖霞区', '320100'), ('811', '320114', '雨花台区', '320100'), ('812', '320115', '江宁区', '320100'), ('813', '320116', '六合区', '320100'), ('814', '320124', '溧水县', '320100'), ('815', '320125', '高淳县', '320100'), ('816', '320201', '市辖区', '320200'), ('817', '320202', '崇安区', '320200'), ('818', '320203', '南长区', '320200'), ('819', '320204', '北塘区', '320200'), ('820', '320205', '锡山区', '320200'), ('821', '320206', '惠山区', '320200'), ('822', '320211', '滨湖区', '320200'), ('823', '320281', '江阴市', '320200'), ('824', '320282', '宜兴市', '320200'), ('825', '320301', '市辖区', '320300'), ('826', '320302', '鼓楼区', '320300'), ('827', '320303', '云龙区', '320300'), ('828', '320304', '九里区', '320300'), ('829', '320305', '贾汪区', '320300'), ('830', '320311', '泉山区', '320300'), ('831', '320321', '丰　县', '320300'), ('832', '320322', '沛　县', '320300'), ('833', '320323', '铜山县', '320300'), ('834', '320324', '睢宁县', '320300'), ('835', '320381', '新沂市', '320300'), ('836', '320382', '邳州市', '320300'), ('837', '320401', '市辖区', '320400'), ('838', '320402', '天宁区', '320400'), ('839', '320404', '钟楼区', '320400'), ('840', '320405', '戚墅堰区', '320400'), ('841', '320411', '新北区', '320400'), ('842', '320412', '武进区', '320400'), ('843', '320481', '溧阳市', '320400'), ('844', '320482', '金坛市', '320400'), ('845', '320501', '市辖区', '320500'), ('846', '320502', '沧浪区', '320500'), ('847', '320503', '平江区', '320500'), ('848', '320504', '金阊区', '320500'), ('849', '320505', '虎丘区', '320500'), ('850', '320506', '吴中区', '320500'), ('851', '320507', '相城区', '320500'), ('852', '320581', '常熟市', '320500'), ('853', '320582', '张家港市', '320500'), ('854', '320583', '昆山市', '320500'), ('855', '320584', '吴江市', '320500'), ('856', '320585', '太仓市', '320500'), ('857', '320601', '市辖区', '320600'), ('858', '320602', '崇川区', '320600'), ('859', '320611', '港闸区', '320600'), ('860', '320621', '海安县', '320600'), ('861', '320623', '如东县', '320600'), ('862', '320681', '启东市', '320600'), ('863', '320682', '如皋市', '320600'), ('864', '320683', '通州市', '320600'), ('865', '320684', '海门市', '320600'), ('866', '320701', '市辖区', '320700'), ('867', '320703', '连云区', '320700'), ('868', '320705', '新浦区', '320700'), ('869', '320706', '海州区', '320700'), ('870', '320721', '赣榆县', '320700'), ('871', '320722', '东海县', '320700'), ('872', '320723', '灌云县', '320700'), ('873', '320724', '灌南县', '320700'), ('874', '320801', '市辖区', '320800'), ('875', '320802', '清河区', '320800'), ('876', '320803', '楚州区', '320800'), ('877', '320804', '淮阴区', '320800'), ('878', '320811', '清浦区', '320800'), ('879', '320826', '涟水县', '320800'), ('880', '320829', '洪泽县', '320800'), ('881', '320830', '盱眙县', '320800'), ('882', '320831', '金湖县', '320800'), ('883', '320901', '市辖区', '320900'), ('884', '320902', '亭湖区', '320900'), ('885', '320903', '盐都区', '320900'), ('886', '320921', '响水县', '320900'), ('887', '320922', '滨海县', '320900'), ('888', '320923', '阜宁县', '320900'), ('889', '320924', '射阳县', '320900'), ('890', '320925', '建湖县', '320900'), ('891', '320981', '东台市', '320900'), ('892', '320982', '大丰市', '320900'), ('893', '321001', '市辖区', '321000'), ('894', '321002', '广陵区', '321000'), ('895', '321003', '邗江区', '321000'), ('896', '321011', '郊　区', '321000'), ('897', '321023', '宝应县', '321000'), ('898', '321081', '仪征市', '321000'), ('899', '321084', '高邮市', '321000'), ('900', '321088', '江都市', '321000'), ('901', '321101', '市辖区', '321100'), ('902', '321102', '京口区', '321100'), ('903', '321111', '润州区', '321100'), ('904', '321112', '丹徒区', '321100'), ('905', '321181', '丹阳市', '321100'), ('906', '321182', '扬中市', '321100'), ('907', '321183', '句容市', '321100'), ('908', '321201', '市辖区', '321200'), ('909', '321202', '海陵区', '321200'), ('910', '321203', '高港区', '321200'), ('911', '321281', '兴化市', '321200'), ('912', '321282', '靖江市', '321200'), ('913', '321283', '泰兴市', '321200'), ('914', '321284', '姜堰市', '321200'), ('915', '321301', '市辖区', '321300'), ('916', '321302', '宿城区', '321300'), ('917', '321311', '宿豫区', '321300'), ('918', '321322', '沭阳县', '321300'), ('919', '321323', '泗阳县', '321300'), ('920', '321324', '泗洪县', '321300'), ('921', '330101', '市辖区', '330100'), ('922', '330102', '上城区', '330100'), ('923', '330103', '下城区', '330100'), ('924', '330104', '江干区', '330100'), ('925', '330105', '拱墅区', '330100'), ('926', '330106', '西湖区', '330100'), ('927', '330108', '滨江区', '330100'), ('928', '330109', '萧山区', '330100'), ('929', '330110', '余杭区', '330100'), ('930', '330122', '桐庐县', '330100'), ('931', '330127', '淳安县', '330100'), ('932', '330182', '建德市', '330100'), ('933', '330183', '富阳市', '330100'), ('934', '330185', '临安市', '330100'), ('935', '330201', '市辖区', '330200'), ('936', '330203', '海曙区', '330200'), ('937', '330204', '江东区', '330200'), ('938', '330205', '江北区', '330200'), ('939', '330206', '北仑区', '330200'), ('940', '330211', '镇海区', '330200'), ('941', '330212', '鄞州区', '330200'), ('942', '330225', '象山县', '330200'), ('943', '330226', '宁海县', '330200'), ('944', '330281', '余姚市', '330200'), ('945', '330282', '慈溪市', '330200'), ('946', '330283', '奉化市', '330200'), ('947', '330301', '市辖区', '330300'), ('948', '330302', '鹿城区', '330300'), ('949', '330303', '龙湾区', '330300'), ('950', '330304', '瓯海区', '330300'), ('951', '330322', '洞头县', '330300'), ('952', '330324', '永嘉县', '330300'), ('953', '330326', '平阳县', '330300'), ('954', '330327', '苍南县', '330300'), ('955', '330328', '文成县', '330300'), ('956', '330329', '泰顺县', '330300'), ('957', '330381', '瑞安市', '330300'), ('958', '330382', '乐清市', '330300'), ('959', '330401', '市辖区', '330400'), ('960', '330402', '秀城区', '330400'), ('961', '330411', '秀洲区', '330400'), ('962', '330421', '嘉善县', '330400'), ('963', '330424', '海盐县', '330400'), ('964', '330481', '海宁市', '330400'), ('965', '330482', '平湖市', '330400'), ('966', '330483', '桐乡市', '330400'), ('967', '330501', '市辖区', '330500'), ('968', '330502', '吴兴区', '330500'), ('969', '330503', '南浔区', '330500'), ('970', '330521', '德清县', '330500'), ('971', '330522', '长兴县', '330500'), ('972', '330523', '安吉县', '330500'), ('973', '330601', '市辖区', '330600'), ('974', '330602', '越城区', '330600'), ('975', '330621', '绍兴县', '330600'), ('976', '330624', '新昌县', '330600'), ('977', '330681', '诸暨市', '330600'), ('978', '330682', '上虞市', '330600'), ('979', '330683', '嵊州市', '330600'), ('980', '330701', '市辖区', '330700'), ('981', '330702', '婺城区', '330700'), ('982', '330703', '金东区', '330700'), ('983', '330723', '武义县', '330700'), ('984', '330726', '浦江县', '330700'), ('985', '330727', '磐安县', '330700'), ('986', '330781', '兰溪市', '330700'), ('987', '330782', '义乌市', '330700'), ('988', '330783', '东阳市', '330700'), ('989', '330784', '永康市', '330700'), ('990', '330801', '市辖区', '330800'), ('991', '330802', '柯城区', '330800'), ('992', '330803', '衢江区', '330800'), ('993', '330822', '常山县', '330800'), ('994', '330824', '开化县', '330800'), ('995', '330825', '龙游县', '330800'), ('996', '330881', '江山市', '330800'), ('997', '330901', '市辖区', '330900'), ('998', '330902', '定海区', '330900'), ('999', '330903', '普陀区', '330900'), ('1000', '330921', '岱山县', '330900'), ('1001', '330922', '嵊泗县', '330900'), ('1002', '331001', '市辖区', '331000'), ('1003', '331002', '椒江区', '331000'), ('1004', '331003', '黄岩区', '331000'), ('1005', '331004', '路桥区', '331000'), ('1006', '331021', '玉环县', '331000'), ('1007', '331022', '三门县', '331000'), ('1008', '331023', '天台县', '331000'), ('1009', '331024', '仙居县', '331000'), ('1010', '331081', '温岭市', '331000'), ('1011', '331082', '临海市', '331000'), ('1012', '331101', '市辖区', '331100'), ('1013', '331102', '莲都区', '331100'), ('1014', '331121', '青田县', '331100'), ('1015', '331122', '缙云县', '331100'), ('1016', '331123', '遂昌县', '331100'), ('1017', '331124', '松阳县', '331100'), ('1018', '331125', '云和县', '331100'), ('1019', '331126', '庆元县', '331100'), ('1020', '331127', '景宁畲族自治县', '331100'), ('1021', '331181', '龙泉市', '331100'), ('1022', '340101', '市辖区', '340100'), ('1023', '340102', '瑶海区', '340100'), ('1024', '340103', '庐阳区', '340100'), ('1025', '340104', '蜀山区', '340100'), ('1026', '340111', '包河区', '340100'), ('1027', '340121', '长丰县', '340100'), ('1028', '340122', '肥东县', '340100'), ('1029', '340123', '肥西县', '340100'), ('1030', '340201', '市辖区', '340200'), ('1031', '340202', '镜湖区', '340200'), ('1032', '340203', '马塘区', '340200'), ('1033', '340204', '新芜区', '340200'), ('1034', '340207', '鸠江区', '340200'), ('1035', '340221', '芜湖县', '340200'), ('1036', '340222', '繁昌县', '340200'), ('1037', '340223', '南陵县', '340200'), ('1038', '340301', '市辖区', '340300'), ('1039', '340302', '龙子湖区', '340300'), ('1040', '340303', '蚌山区', '340300'), ('1041', '340304', '禹会区', '340300'), ('1042', '340311', '淮上区', '340300'), ('1043', '340321', '怀远县', '340300'), ('1044', '340322', '五河县', '340300'), ('1045', '340323', '固镇县', '340300'), ('1046', '340401', '市辖区', '340400'), ('1047', '340402', '大通区', '340400'), ('1048', '340403', '田家庵区', '340400'), ('1049', '340404', '谢家集区', '340400'), ('1050', '340405', '八公山区', '340400'), ('1051', '340406', '潘集区', '340400'), ('1052', '340421', '凤台县', '340400'), ('1053', '340501', '市辖区', '340500'), ('1054', '340502', '金家庄区', '340500'), ('1055', '340503', '花山区', '340500'), ('1056', '340504', '雨山区', '340500'), ('1057', '340521', '当涂县', '340500'), ('1058', '340601', '市辖区', '340600'), ('1059', '340602', '杜集区', '340600'), ('1060', '340603', '相山区', '340600'), ('1061', '340604', '烈山区', '340600'), ('1062', '340621', '濉溪县', '340600'), ('1063', '340701', '市辖区', '340700'), ('1064', '340702', '铜官山区', '340700'), ('1065', '340703', '狮子山区', '340700'), ('1066', '340711', '郊　区', '340700'), ('1067', '340721', '铜陵县', '340700'), ('1068', '340801', '市辖区', '340800'), ('1069', '340802', '迎江区', '340800'), ('1070', '340803', '大观区', '340800'), ('1071', '340811', '郊　区', '340800'), ('1072', '340822', '怀宁县', '340800'), ('1073', '340823', '枞阳县', '340800'), ('1074', '340824', '潜山县', '340800'), ('1075', '340825', '太湖县', '340800'), ('1076', '340826', '宿松县', '340800'), ('1077', '340827', '望江县', '340800'), ('1078', '340828', '岳西县', '340800'), ('1079', '340881', '桐城市', '340800'), ('1080', '341001', '市辖区', '341000'), ('1081', '341002', '屯溪区', '341000'), ('1082', '341003', '黄山区', '341000'), ('1083', '341004', '徽州区', '341000'), ('1084', '341021', '歙　县', '341000'), ('1085', '341022', '休宁县', '341000'), ('1086', '341023', '黟　县', '341000'), ('1087', '341024', '祁门县', '341000'), ('1088', '341101', '市辖区', '341100'), ('1089', '341102', '琅琊区', '341100'), ('1090', '341103', '南谯区', '341100'), ('1091', '341122', '来安县', '341100'), ('1092', '341124', '全椒县', '341100'), ('1093', '341125', '定远县', '341100'), ('1094', '341126', '凤阳县', '341100'), ('1095', '341181', '天长市', '341100'), ('1096', '341182', '明光市', '341100'), ('1097', '341201', '市辖区', '341200'), ('1098', '341202', '颍州区', '341200'), ('1099', '341203', '颍东区', '341200'), ('1100', '341204', '颍泉区', '341200'), ('1101', '341221', '临泉县', '341200'), ('1102', '341222', '太和县', '341200'), ('1103', '341225', '阜南县', '341200'), ('1104', '341226', '颍上县', '341200'), ('1105', '341282', '界首市', '341200'), ('1106', '341301', '市辖区', '341300'), ('1107', '341302', '墉桥区', '341300'), ('1108', '341321', '砀山县', '341300'), ('1109', '341322', '萧　县', '341300'), ('1110', '341323', '灵璧县', '341300'), ('1111', '341324', '泗　县', '341300'), ('1112', '341401', '市辖区', '341400'), ('1113', '341402', '居巢区', '341400'), ('1114', '341421', '庐江县', '341400'), ('1115', '341422', '无为县', '341400'), ('1116', '341423', '含山县', '341400'), ('1117', '341424', '和　县', '341400'), ('1118', '341501', '市辖区', '341500'), ('1119', '341502', '金安区', '341500'), ('1120', '341503', '裕安区', '341500'), ('1121', '341521', '寿　县', '341500'), ('1122', '341522', '霍邱县', '341500'), ('1123', '341523', '舒城县', '341500'), ('1124', '341524', '金寨县', '341500'), ('1125', '341525', '霍山县', '341500'), ('1126', '341601', '市辖区', '341600'), ('1127', '341602', '谯城区', '341600'), ('1128', '341621', '涡阳县', '341600'), ('1129', '341622', '蒙城县', '341600'), ('1130', '341623', '利辛县', '341600'), ('1131', '341701', '市辖区', '341700'), ('1132', '341702', '贵池区', '341700'), ('1133', '341721', '东至县', '341700'), ('1134', '341722', '石台县', '341700'), ('1135', '341723', '青阳县', '341700'), ('1136', '341801', '市辖区', '341800'), ('1137', '341802', '宣州区', '341800'), ('1138', '341821', '郎溪县', '341800'), ('1139', '341822', '广德县', '341800'), ('1140', '341823', '泾　县', '341800'), ('1141', '341824', '绩溪县', '341800'), ('1142', '341825', '旌德县', '341800'), ('1143', '341881', '宁国市', '341800'), ('1144', '350101', '市辖区', '350100'), ('1145', '350102', '鼓楼区', '350100'), ('1146', '350103', '台江区', '350100'), ('1147', '350104', '仓山区', '350100'), ('1148', '350105', '马尾区', '350100'), ('1149', '350111', '晋安区', '350100'), ('1150', '350121', '闽侯县', '350100'), ('1151', '350122', '连江县', '350100'), ('1152', '350123', '罗源县', '350100'), ('1153', '350124', '闽清县', '350100'), ('1154', '350125', '永泰县', '350100'), ('1155', '350128', '平潭县', '350100'), ('1156', '350181', '福清市', '350100'), ('1157', '350182', '长乐市', '350100'), ('1158', '350201', '市辖区', '350200'), ('1159', '350203', '思明区', '350200'), ('1160', '350205', '海沧区', '350200'), ('1161', '350206', '湖里区', '350200'), ('1162', '350211', '集美区', '350200'), ('1163', '350212', '同安区', '350200'), ('1164', '350213', '翔安区', '350200'), ('1165', '350301', '市辖区', '350300'), ('1166', '350302', '城厢区', '350300'), ('1167', '350303', '涵江区', '350300'), ('1168', '350304', '荔城区', '350300'), ('1169', '350305', '秀屿区', '350300'), ('1170', '350322', '仙游县', '350300'), ('1171', '350401', '市辖区', '350400'), ('1172', '350402', '梅列区', '350400'), ('1173', '350403', '三元区', '350400'), ('1174', '350421', '明溪县', '350400'), ('1175', '350423', '清流县', '350400'), ('1176', '350424', '宁化县', '350400'), ('1177', '350425', '大田县', '350400'), ('1178', '350426', '尤溪县', '350400'), ('1179', '350427', '沙　县', '350400'), ('1180', '350428', '将乐县', '350400'), ('1181', '350429', '泰宁县', '350400'), ('1182', '350430', '建宁县', '350400'), ('1183', '350481', '永安市', '350400'), ('1184', '350501', '市辖区', '350500'), ('1185', '350502', '鲤城区', '350500'), ('1186', '350503', '丰泽区', '350500'), ('1187', '350504', '洛江区', '350500'), ('1188', '350505', '泉港区', '350500'), ('1189', '350521', '惠安县', '350500'), ('1190', '350524', '安溪县', '350500'), ('1191', '350525', '永春县', '350500'), ('1192', '350526', '德化县', '350500'), ('1193', '350527', '金门县', '350500'), ('1194', '350581', '石狮市', '350500'), ('1195', '350582', '晋江市', '350500'), ('1196', '350583', '南安市', '350500'), ('1197', '350601', '市辖区', '350600'), ('1198', '350602', '芗城区', '350600'), ('1199', '350603', '龙文区', '350600'), ('1200', '350622', '云霄县', '350600'), ('1201', '350623', '漳浦县', '350600'), ('1202', '350624', '诏安县', '350600'), ('1203', '350625', '长泰县', '350600'), ('1204', '350626', '东山县', '350600'), ('1205', '350627', '南靖县', '350600'), ('1206', '350628', '平和县', '350600'), ('1207', '350629', '华安县', '350600'), ('1208', '350681', '龙海市', '350600'), ('1209', '350701', '市辖区', '350700'), ('1210', '350702', '延平区', '350700'), ('1211', '350721', '顺昌县', '350700'), ('1212', '350722', '浦城县', '350700'), ('1213', '350723', '光泽县', '350700'), ('1214', '350724', '松溪县', '350700'), ('1215', '350725', '政和县', '350700'), ('1216', '350781', '邵武市', '350700'), ('1217', '350782', '武夷山市', '350700'), ('1218', '350783', '建瓯市', '350700'), ('1219', '350784', '建阳市', '350700'), ('1220', '350801', '市辖区', '350800'), ('1221', '350802', '新罗区', '350800'), ('1222', '350821', '长汀县', '350800'), ('1223', '350822', '永定县', '350800'), ('1224', '350823', '上杭县', '350800'), ('1225', '350824', '武平县', '350800'), ('1226', '350825', '连城县', '350800'), ('1227', '350881', '漳平市', '350800'), ('1228', '350901', '市辖区', '350900'), ('1229', '350902', '蕉城区', '350900'), ('1230', '350921', '霞浦县', '350900'), ('1231', '350922', '古田县', '350900'), ('1232', '350923', '屏南县', '350900'), ('1233', '350924', '寿宁县', '350900'), ('1234', '350925', '周宁县', '350900'), ('1235', '350926', '柘荣县', '350900'), ('1236', '350981', '福安市', '350900'), ('1237', '350982', '福鼎市', '350900'), ('1238', '360101', '市辖区', '360100'), ('1239', '360102', '东湖区', '360100'), ('1240', '360103', '西湖区', '360100'), ('1241', '360104', '青云谱区', '360100'), ('1242', '360105', '湾里区', '360100'), ('1243', '360111', '青山湖区', '360100'), ('1244', '360121', '南昌县', '360100'), ('1245', '360122', '新建县', '360100'), ('1246', '360123', '安义县', '360100'), ('1247', '360124', '进贤县', '360100'), ('1248', '360201', '市辖区', '360200'), ('1249', '360202', '昌江区', '360200'), ('1250', '360203', '珠山区', '360200'), ('1251', '360222', '浮梁县', '360200'), ('1252', '360281', '乐平市', '360200'), ('1253', '360301', '市辖区', '360300'), ('1254', '360302', '安源区', '360300'), ('1255', '360313', '湘东区', '360300'), ('1256', '360321', '莲花县', '360300'), ('1257', '360322', '上栗县', '360300'), ('1258', '360323', '芦溪县', '360300'), ('1259', '360401', '市辖区', '360400'), ('1260', '360402', '庐山区', '360400'), ('1261', '360403', '浔阳区', '360400'), ('1262', '360421', '九江县', '360400'), ('1263', '360423', '武宁县', '360400'), ('1264', '360424', '修水县', '360400'), ('1265', '360425', '永修县', '360400'), ('1266', '360426', '德安县', '360400'), ('1267', '360427', '星子县', '360400'), ('1268', '360428', '都昌县', '360400'), ('1269', '360429', '湖口县', '360400'), ('1270', '360430', '彭泽县', '360400'), ('1271', '360481', '瑞昌市', '360400'), ('1272', '360501', '市辖区', '360500'), ('1273', '360502', '渝水区', '360500'), ('1274', '360521', '分宜县', '360500'), ('1275', '360601', '市辖区', '360600'), ('1276', '360602', '月湖区', '360600'), ('1277', '360622', '余江县', '360600'), ('1278', '360681', '贵溪市', '360600'), ('1279', '360701', '市辖区', '360700'), ('1280', '360702', '章贡区', '360700'), ('1281', '360721', '赣　县', '360700'), ('1282', '360722', '信丰县', '360700'), ('1283', '360723', '大余县', '360700'), ('1284', '360724', '上犹县', '360700'), ('1285', '360725', '崇义县', '360700'), ('1286', '360726', '安远县', '360700'), ('1287', '360727', '龙南县', '360700'), ('1288', '360728', '定南县', '360700'), ('1289', '360729', '全南县', '360700'), ('1290', '360730', '宁都县', '360700'), ('1291', '360731', '于都县', '360700'), ('1292', '360732', '兴国县', '360700'), ('1293', '360733', '会昌县', '360700'), ('1294', '360734', '寻乌县', '360700'), ('1295', '360735', '石城县', '360700'), ('1296', '360781', '瑞金市', '360700'), ('1297', '360782', '南康市', '360700'), ('1298', '360801', '市辖区', '360800'), ('1299', '360802', '吉州区', '360800'), ('1300', '360803', '青原区', '360800'), ('1301', '360821', '吉安县', '360800'), ('1302', '360822', '吉水县', '360800'), ('1303', '360823', '峡江县', '360800'), ('1304', '360824', '新干县', '360800'), ('1305', '360825', '永丰县', '360800'), ('1306', '360826', '泰和县', '360800'), ('1307', '360827', '遂川县', '360800'), ('1308', '360828', '万安县', '360800'), ('1309', '360829', '安福县', '360800'), ('1310', '360830', '永新县', '360800'), ('1311', '360881', '井冈山市', '360800'), ('1312', '360901', '市辖区', '360900'), ('1313', '360902', '袁州区', '360900'), ('1314', '360921', '奉新县', '360900'), ('1315', '360922', '万载县', '360900'), ('1316', '360923', '上高县', '360900'), ('1317', '360924', '宜丰县', '360900'), ('1318', '360925', '靖安县', '360900'), ('1319', '360926', '铜鼓县', '360900'), ('1320', '360981', '丰城市', '360900'), ('1321', '360982', '樟树市', '360900'), ('1322', '360983', '高安市', '360900'), ('1323', '361001', '市辖区', '361000'), ('1324', '361002', '临川区', '361000'), ('1325', '361021', '南城县', '361000'), ('1326', '361022', '黎川县', '361000'), ('1327', '361023', '南丰县', '361000'), ('1328', '361024', '崇仁县', '361000'), ('1329', '361025', '乐安县', '361000'), ('1330', '361026', '宜黄县', '361000'), ('1331', '361027', '金溪县', '361000'), ('1332', '361028', '资溪县', '361000'), ('1333', '361029', '东乡县', '361000'), ('1334', '361030', '广昌县', '361000'), ('1335', '361101', '市辖区', '361100'), ('1336', '361102', '信州区', '361100'), ('1337', '361121', '上饶县', '361100'), ('1338', '361122', '广丰县', '361100'), ('1339', '361123', '玉山县', '361100'), ('1340', '361124', '铅山县', '361100'), ('1341', '361125', '横峰县', '361100'), ('1342', '361126', '弋阳县', '361100'), ('1343', '361127', '余干县', '361100'), ('1344', '361128', '鄱阳县', '361100'), ('1345', '361129', '万年县', '361100'), ('1346', '361130', '婺源县', '361100'), ('1347', '361181', '德兴市', '361100'), ('1348', '370101', '市辖区', '370100'), ('1349', '370102', '历下区', '370100'), ('1350', '370103', '市中区', '370100'), ('1351', '370104', '槐荫区', '370100'), ('1352', '370105', '天桥区', '370100'), ('1353', '370112', '历城区', '370100'), ('1354', '370113', '长清区', '370100'), ('1355', '370124', '平阴县', '370100'), ('1356', '370125', '济阳县', '370100'), ('1357', '370126', '商河县', '370100'), ('1358', '370181', '章丘市', '370100'), ('1359', '370201', '市辖区', '370200'), ('1360', '370202', '市南区', '370200'), ('1361', '370203', '市北区', '370200'), ('1362', '370205', '四方区', '370200'), ('1363', '370211', '黄岛区', '370200'), ('1364', '370212', '崂山区', '370200'), ('1365', '370213', '李沧区', '370200'), ('1366', '370214', '城阳区', '370200'), ('1367', '370281', '胶州市', '370200'), ('1368', '370282', '即墨市', '370200'), ('1369', '370283', '平度市', '370200'), ('1370', '370284', '胶南市', '370200'), ('1371', '370285', '莱西市', '370200'), ('1372', '370301', '市辖区', '370300'), ('1373', '370302', '淄川区', '370300'), ('1374', '370303', '张店区', '370300'), ('1375', '370304', '博山区', '370300'), ('1376', '370305', '临淄区', '370300'), ('1377', '370306', '周村区', '370300'), ('1378', '370321', '桓台县', '370300'), ('1379', '370322', '高青县', '370300'), ('1380', '370323', '沂源县', '370300'), ('1381', '370401', '市辖区', '370400'), ('1382', '370402', '市中区', '370400'), ('1383', '370403', '薛城区', '370400'), ('1384', '370404', '峄城区', '370400'), ('1385', '370405', '台儿庄区', '370400'), ('1386', '370406', '山亭区', '370400'), ('1387', '370481', '滕州市', '370400'), ('1388', '370501', '市辖区', '370500'), ('1389', '370502', '东营区', '370500'), ('1390', '370503', '河口区', '370500'), ('1391', '370521', '垦利县', '370500'), ('1392', '370522', '利津县', '370500'), ('1393', '370523', '广饶县', '370500'), ('1394', '370601', '市辖区', '370600'), ('1395', '370602', '芝罘区', '370600'), ('1396', '370611', '福山区', '370600'), ('1397', '370612', '牟平区', '370600'), ('1398', '370613', '莱山区', '370600'), ('1399', '370634', '长岛县', '370600'), ('1400', '370681', '龙口市', '370600'), ('1401', '370682', '莱阳市', '370600'), ('1402', '370683', '莱州市', '370600'), ('1403', '370684', '蓬莱市', '370600'), ('1404', '370685', '招远市', '370600'), ('1405', '370686', '栖霞市', '370600'), ('1406', '370687', '海阳市', '370600'), ('1407', '370701', '市辖区', '370700'), ('1408', '370702', '潍城区', '370700'), ('1409', '370703', '寒亭区', '370700'), ('1410', '370704', '坊子区', '370700'), ('1411', '370705', '奎文区', '370700'), ('1412', '370724', '临朐县', '370700'), ('1413', '370725', '昌乐县', '370700'), ('1414', '370781', '青州市', '370700'), ('1415', '370782', '诸城市', '370700'), ('1416', '370783', '寿光市', '370700'), ('1417', '370784', '安丘市', '370700'), ('1418', '370785', '高密市', '370700'), ('1419', '370786', '昌邑市', '370700'), ('1420', '370801', '市辖区', '370800'), ('1421', '370802', '市中区', '370800'), ('1422', '370811', '任城区', '370800'), ('1423', '370826', '微山县', '370800'), ('1424', '370827', '鱼台县', '370800'), ('1425', '370828', '金乡县', '370800'), ('1426', '370829', '嘉祥县', '370800'), ('1427', '370830', '汶上县', '370800'), ('1428', '370831', '泗水县', '370800'), ('1429', '370832', '梁山县', '370800'), ('1430', '370881', '曲阜市', '370800'), ('1431', '370882', '兖州市', '370800'), ('1432', '370883', '邹城市', '370800'), ('1433', '370901', '市辖区', '370900'), ('1434', '370902', '泰山区', '370900'), ('1435', '370903', '岱岳区', '370900'), ('1436', '370921', '宁阳县', '370900'), ('1437', '370923', '东平县', '370900'), ('1438', '370982', '新泰市', '370900'), ('1439', '370983', '肥城市', '370900'), ('1440', '371001', '市辖区', '371000'), ('1441', '371002', '环翠区', '371000'), ('1442', '371081', '文登市', '371000'), ('1443', '371082', '荣成市', '371000'), ('1444', '371083', '乳山市', '371000'), ('1445', '371101', '市辖区', '371100'), ('1446', '371102', '东港区', '371100'), ('1447', '371103', '岚山区', '371100'), ('1448', '371121', '五莲县', '371100'), ('1449', '371122', '莒　县', '371100'), ('1450', '371201', '市辖区', '371200'), ('1451', '371202', '莱城区', '371200'), ('1452', '371203', '钢城区', '371200'), ('1453', '371301', '市辖区', '371300'), ('1454', '371302', '兰山区', '371300'), ('1455', '371311', '罗庄区', '371300'), ('1456', '371312', '河东区', '371300'), ('1457', '371321', '沂南县', '371300'), ('1458', '371322', '郯城县', '371300'), ('1459', '371323', '沂水县', '371300'), ('1460', '371324', '苍山县', '371300'), ('1461', '371325', '费　县', '371300'), ('1462', '371326', '平邑县', '371300'), ('1463', '371327', '莒南县', '371300'), ('1464', '371328', '蒙阴县', '371300'), ('1465', '371329', '临沭县', '371300'), ('1466', '371401', '市辖区', '371400'), ('1467', '371402', '德城区', '371400'), ('1468', '371421', '陵　县', '371400'), ('1469', '371422', '宁津县', '371400'), ('1470', '371423', '庆云县', '371400'), ('1471', '371424', '临邑县', '371400'), ('1472', '371425', '齐河县', '371400'), ('1473', '371426', '平原县', '371400'), ('1474', '371427', '夏津县', '371400'), ('1475', '371428', '武城县', '371400'), ('1476', '371481', '乐陵市', '371400'), ('1477', '371482', '禹城市', '371400'), ('1478', '371501', '市辖区', '371500'), ('1479', '371502', '东昌府区', '371500'), ('1480', '371521', '阳谷县', '371500'), ('1481', '371522', '莘　县', '371500'), ('1482', '371523', '茌平县', '371500'), ('1483', '371524', '东阿县', '371500'), ('1484', '371525', '冠　县', '371500'), ('1485', '371526', '高唐县', '371500'), ('1486', '371581', '临清市', '371500'), ('1487', '371601', '市辖区', '371600'), ('1488', '371602', '滨城区', '371600'), ('1489', '371621', '惠民县', '371600'), ('1490', '371622', '阳信县', '371600'), ('1491', '371623', '无棣县', '371600'), ('1492', '371624', '沾化县', '371600'), ('1493', '371625', '博兴县', '371600'), ('1494', '371626', '邹平县', '371600'), ('1495', '371701', '市辖区', '371700'), ('1496', '371702', '牡丹区', '371700'), ('1497', '371721', '曹　县', '371700'), ('1498', '371722', '单　县', '371700'), ('1499', '371723', '成武县', '371700'), ('1500', '371724', '巨野县', '371700'), ('1501', '371725', '郓城县', '371700'), ('1502', '371726', '鄄城县', '371700'), ('1503', '371727', '定陶县', '371700'), ('1504', '371728', '东明县', '371700'), ('1505', '410101', '市辖区', '410100'), ('1506', '410102', '中原区', '410100'), ('1507', '410103', '二七区', '410100'), ('1508', '410104', '管城回族区', '410100'), ('1509', '410105', '金水区', '410100'), ('1510', '410106', '上街区', '410100'), ('1511', '410108', '邙山区', '410100'), ('1512', '410122', '中牟县', '410100'), ('1513', '410181', '巩义市', '410100'), ('1514', '410182', '荥阳市', '410100'), ('1515', '410183', '新密市', '410100'), ('1516', '410184', '新郑市', '410100'), ('1517', '410185', '登封市', '410100'), ('1518', '410201', '市辖区', '410200'), ('1519', '410202', '龙亭区', '410200'), ('1520', '410203', '顺河回族区', '410200'), ('1521', '410204', '鼓楼区', '410200'), ('1522', '410205', '南关区', '410200'), ('1523', '410211', '郊　区', '410200'), ('1524', '410221', '杞　县', '410200'), ('1525', '410222', '通许县', '410200'), ('1526', '410223', '尉氏县', '410200'), ('1527', '410224', '开封县', '410200'), ('1528', '410225', '兰考县', '410200'), ('1529', '410301', '市辖区', '410300'), ('1530', '410302', '老城区', '410300'), ('1531', '410303', '西工区', '410300'), ('1532', '410304', '廛河回族区', '410300'), ('1533', '410305', '涧西区', '410300'), ('1534', '410306', '吉利区', '410300'), ('1535', '410307', '洛龙区', '410300'), ('1536', '410322', '孟津县', '410300'), ('1537', '410323', '新安县', '410300'), ('1538', '410324', '栾川县', '410300'), ('1539', '410325', '嵩　县', '410300'), ('1540', '410326', '汝阳县', '410300'), ('1541', '410327', '宜阳县', '410300'), ('1542', '410328', '洛宁县', '410300'), ('1543', '410329', '伊川县', '410300'), ('1544', '410381', '偃师市', '410300'), ('1545', '410401', '市辖区', '410400'), ('1546', '410402', '新华区', '410400'), ('1547', '410403', '卫东区', '410400'), ('1548', '410404', '石龙区', '410400'), ('1549', '410411', '湛河区', '410400'), ('1550', '410421', '宝丰县', '410400'), ('1551', '410422', '叶　县', '410400'), ('1552', '410423', '鲁山县', '410400'), ('1553', '410425', '郏　县', '410400'), ('1554', '410481', '舞钢市', '410400'), ('1555', '410482', '汝州市', '410400'), ('1556', '410501', '市辖区', '410500'), ('1557', '410502', '文峰区', '410500'), ('1558', '410503', '北关区', '410500'), ('1559', '410505', '殷都区', '410500'), ('1560', '410506', '龙安区', '410500'), ('1561', '410522', '安阳县', '410500'), ('1562', '410523', '汤阴县', '410500'), ('1563', '410526', '滑　县', '410500'), ('1564', '410527', '内黄县', '410500'), ('1565', '410581', '林州市', '410500'), ('1566', '410601', '市辖区', '410600'), ('1567', '410602', '鹤山区', '410600'), ('1568', '410603', '山城区', '410600'), ('1569', '410611', '淇滨区', '410600'), ('1570', '410621', '浚　县', '410600'), ('1571', '410622', '淇　县', '410600'), ('1572', '410701', '市辖区', '410700'), ('1573', '410702', '红旗区', '410700'), ('1574', '410703', '卫滨区', '410700'), ('1575', '410704', '凤泉区', '410700'), ('1576', '410711', '牧野区', '410700'), ('1577', '410721', '新乡县', '410700'), ('1578', '410724', '获嘉县', '410700'), ('1579', '410725', '原阳县', '410700'), ('1580', '410726', '延津县', '410700'), ('1581', '410727', '封丘县', '410700'), ('1582', '410728', '长垣县', '410700'), ('1583', '410781', '卫辉市', '410700'), ('1584', '410782', '辉县市', '410700'), ('1585', '410801', '市辖区', '410800'), ('1586', '410802', '解放区', '410800'), ('1587', '410803', '中站区', '410800'), ('1588', '410804', '马村区', '410800'), ('1589', '410811', '山阳区', '410800'), ('1590', '410821', '修武县', '410800'), ('1591', '410822', '博爱县', '410800'), ('1592', '410823', '武陟县', '410800'), ('1593', '410825', '温　县', '410800'), ('1594', '410881', '济源市', '410800'), ('1595', '410882', '沁阳市', '410800'), ('1596', '410883', '孟州市', '410800'), ('1597', '410901', '市辖区', '410900'), ('1598', '410902', '华龙区', '410900'), ('1599', '410922', '清丰县', '410900'), ('1600', '410923', '南乐县', '410900'), ('1601', '410926', '范　县', '410900'), ('1602', '410927', '台前县', '410900'), ('1603', '410928', '濮阳县', '410900'), ('1604', '411001', '市辖区', '411000'), ('1605', '411002', '魏都区', '411000'), ('1606', '411023', '许昌县', '411000'), ('1607', '411024', '鄢陵县', '411000'), ('1608', '411025', '襄城县', '411000'), ('1609', '411081', '禹州市', '411000'), ('1610', '411082', '长葛市', '411000'), ('1611', '411101', '市辖区', '411100'), ('1612', '411102', '源汇区', '411100'), ('1613', '411103', '郾城区', '411100'), ('1614', '411104', '召陵区', '411100'), ('1615', '411121', '舞阳县', '411100'), ('1616', '411122', '临颍县', '411100'), ('1617', '411201', '市辖区', '411200'), ('1618', '411202', '湖滨区', '411200'), ('1619', '411221', '渑池县', '411200'), ('1620', '411222', '陕　县', '411200'), ('1621', '411224', '卢氏县', '411200'), ('1622', '411281', '义马市', '411200'), ('1623', '411282', '灵宝市', '411200'), ('1624', '411301', '市辖区', '411300'), ('1625', '411302', '宛城区', '411300'), ('1626', '411303', '卧龙区', '411300'), ('1627', '411321', '南召县', '411300'), ('1628', '411322', '方城县', '411300'), ('1629', '411323', '西峡县', '411300'), ('1630', '411324', '镇平县', '411300'), ('1631', '411325', '内乡县', '411300'), ('1632', '411326', '淅川县', '411300'), ('1633', '411327', '社旗县', '411300'), ('1634', '411328', '唐河县', '411300'), ('1635', '411329', '新野县', '411300'), ('1636', '411330', '桐柏县', '411300'), ('1637', '411381', '邓州市', '411300'), ('1638', '411401', '市辖区', '411400'), ('1639', '411402', '梁园区', '411400'), ('1640', '411403', '睢阳区', '411400'), ('1641', '411421', '民权县', '411400'), ('1642', '411422', '睢　县', '411400'), ('1643', '411423', '宁陵县', '411400'), ('1644', '411424', '柘城县', '411400'), ('1645', '411425', '虞城县', '411400'), ('1646', '411426', '夏邑县', '411400'), ('1647', '411481', '永城市', '411400'), ('1648', '411501', '市辖区', '411500'), ('1649', '411502', '师河区', '411500'), ('1650', '411503', '平桥区', '411500'), ('1651', '411521', '罗山县', '411500'), ('1652', '411522', '光山县', '411500'), ('1653', '411523', '新　县', '411500'), ('1654', '411524', '商城县', '411500'), ('1655', '411525', '固始县', '411500'), ('1656', '411526', '潢川县', '411500'), ('1657', '411527', '淮滨县', '411500'), ('1658', '411528', '息　县', '411500'), ('1659', '411601', '市辖区', '411600'), ('1660', '411602', '川汇区', '411600'), ('1661', '411621', '扶沟县', '411600'), ('1662', '411622', '西华县', '411600'), ('1663', '411623', '商水县', '411600'), ('1664', '411624', '沈丘县', '411600'), ('1665', '411625', '郸城县', '411600'), ('1666', '411626', '淮阳县', '411600'), ('1667', '411627', '太康县', '411600'), ('1668', '411628', '鹿邑县', '411600'), ('1669', '411681', '项城市', '411600'), ('1670', '411701', '市辖区', '411700'), ('1671', '411702', '驿城区', '411700'), ('1672', '411721', '西平县', '411700'), ('1673', '411722', '上蔡县', '411700'), ('1674', '411723', '平舆县', '411700'), ('1675', '411724', '正阳县', '411700'), ('1676', '411725', '确山县', '411700'), ('1677', '411726', '泌阳县', '411700'), ('1678', '411727', '汝南县', '411700'), ('1679', '411728', '遂平县', '411700'), ('1680', '411729', '新蔡县', '411700'), ('1681', '420101', '市辖区', '420100'), ('1682', '420102', '江岸区', '420100'), ('1683', '420103', '江汉区', '420100'), ('1684', '420104', '乔口区', '420100'), ('1685', '420105', '汉阳区', '420100'), ('1686', '420106', '武昌区', '420100'), ('1687', '420107', '青山区', '420100'), ('1688', '420111', '洪山区', '420100'), ('1689', '420112', '东西湖区', '420100'), ('1690', '420113', '汉南区', '420100'), ('1691', '420114', '蔡甸区', '420100'), ('1692', '420115', '江夏区', '420100'), ('1693', '420116', '黄陂区', '420100'), ('1694', '420117', '新洲区', '420100'), ('1695', '420201', '市辖区', '420200'), ('1696', '420202', '黄石港区', '420200'), ('1697', '420203', '西塞山区', '420200'), ('1698', '420204', '下陆区', '420200'), ('1699', '420205', '铁山区', '420200'), ('1700', '420222', '阳新县', '420200'), ('1701', '420281', '大冶市', '420200'), ('1702', '420301', '市辖区', '420300'), ('1703', '420302', '茅箭区', '420300'), ('1704', '420303', '张湾区', '420300'), ('1705', '420321', '郧　县', '420300'), ('1706', '420322', '郧西县', '420300'), ('1707', '420323', '竹山县', '420300'), ('1708', '420324', '竹溪县', '420300'), ('1709', '420325', '房　县', '420300'), ('1710', '420381', '丹江口市', '420300'), ('1711', '420501', '市辖区', '420500'), ('1712', '420502', '西陵区', '420500'), ('1713', '420503', '伍家岗区', '420500'), ('1714', '420504', '点军区', '420500'), ('1715', '420505', '猇亭区', '420500'), ('1716', '420506', '夷陵区', '420500'), ('1717', '420525', '远安县', '420500'), ('1718', '420526', '兴山县', '420500'), ('1719', '420527', '秭归县', '420500'), ('1720', '420528', '长阳土家族自治县', '420500'), ('1721', '420529', '五峰土家族自治县', '420500'), ('1722', '420581', '宜都市', '420500'), ('1723', '420582', '当阳市', '420500'), ('1724', '420583', '枝江市', '420500'), ('1725', '420601', '市辖区', '420600'), ('1726', '420602', '襄城区', '420600'), ('1727', '420606', '樊城区', '420600'), ('1728', '420607', '襄阳区', '420600'), ('1729', '420624', '南漳县', '420600'), ('1730', '420625', '谷城县', '420600'), ('1731', '420626', '保康县', '420600'), ('1732', '420682', '老河口市', '420600'), ('1733', '420683', '枣阳市', '420600'), ('1734', '420684', '宜城市', '420600'), ('1735', '420701', '市辖区', '420700'), ('1736', '420702', '梁子湖区', '420700'), ('1737', '420703', '华容区', '420700'), ('1738', '420704', '鄂城区', '420700'), ('1739', '420801', '市辖区', '420800'), ('1740', '420802', '东宝区', '420800'), ('1741', '420804', '掇刀区', '420800'), ('1742', '420821', '京山县', '420800'), ('1743', '420822', '沙洋县', '420800'), ('1744', '420881', '钟祥市', '420800'), ('1745', '420901', '市辖区', '420900'), ('1746', '420902', '孝南区', '420900'), ('1747', '420921', '孝昌县', '420900'), ('1748', '420922', '大悟县', '420900'), ('1749', '420923', '云梦县', '420900'), ('1750', '420981', '应城市', '420900'), ('1751', '420982', '安陆市', '420900'), ('1752', '420984', '汉川市', '420900'), ('1753', '421001', '市辖区', '421000'), ('1754', '421002', '沙市区', '421000'), ('1755', '421003', '荆州区', '421000'), ('1756', '421022', '公安县', '421000'), ('1757', '421023', '监利县', '421000'), ('1758', '421024', '江陵县', '421000'), ('1759', '421081', '石首市', '421000'), ('1760', '421083', '洪湖市', '421000'), ('1761', '421087', '松滋市', '421000'), ('1762', '421101', '市辖区', '421100'), ('1763', '421102', '黄州区', '421100'), ('1764', '421121', '团风县', '421100'), ('1765', '421122', '红安县', '421100'), ('1766', '421123', '罗田县', '421100'), ('1767', '421124', '英山县', '421100'), ('1768', '421125', '浠水县', '421100'), ('1769', '421126', '蕲春县', '421100'), ('1770', '421127', '黄梅县', '421100'), ('1771', '421181', '麻城市', '421100'), ('1772', '421182', '武穴市', '421100'), ('1773', '421201', '市辖区', '421200'), ('1774', '421202', '咸安区', '421200'), ('1775', '421221', '嘉鱼县', '421200'), ('1776', '421222', '通城县', '421200'), ('1777', '421223', '崇阳县', '421200'), ('1778', '421224', '通山县', '421200'), ('1779', '421281', '赤壁市', '421200'), ('1780', '421301', '市辖区', '421300'), ('1781', '421302', '曾都区', '421300'), ('1782', '421381', '广水市', '421300'), ('1783', '422801', '恩施市', '422800'), ('1784', '422802', '利川市', '422800'), ('1785', '422822', '建始县', '422800'), ('1786', '422823', '巴东县', '422800'), ('1787', '422825', '宣恩县', '422800'), ('1788', '422826', '咸丰县', '422800'), ('1789', '422827', '来凤县', '422800'), ('1790', '422828', '鹤峰县', '422800'), ('1791', '429004', '仙桃市', '429000'), ('1792', '429005', '潜江市', '429000'), ('1793', '429006', '天门市', '429000');
INSERT INTO `b_areas` VALUES ('1794', '429021', '神农架林区', '429000'), ('1795', '430101', '市辖区', '430100'), ('1796', '430102', '芙蓉区', '430100'), ('1797', '430103', '天心区', '430100'), ('1798', '430104', '岳麓区', '430100'), ('1799', '430105', '开福区', '430100'), ('1800', '430111', '雨花区', '430100'), ('1801', '430121', '长沙县', '430100'), ('1802', '430122', '望城县', '430100'), ('1803', '430124', '宁乡县', '430100'), ('1804', '430181', '浏阳市', '430100'), ('1805', '430201', '市辖区', '430200'), ('1806', '430202', '荷塘区', '430200'), ('1807', '430203', '芦淞区', '430200'), ('1808', '430204', '石峰区', '430200'), ('1809', '430211', '天元区', '430200'), ('1810', '430221', '株洲县', '430200'), ('1811', '430223', '攸　县', '430200'), ('1812', '430224', '茶陵县', '430200'), ('1813', '430225', '炎陵县', '430200'), ('1814', '430281', '醴陵市', '430200'), ('1815', '430301', '市辖区', '430300'), ('1816', '430302', '雨湖区', '430300'), ('1817', '430304', '岳塘区', '430300'), ('1818', '430321', '湘潭县', '430300'), ('1819', '430381', '湘乡市', '430300'), ('1820', '430382', '韶山市', '430300'), ('1821', '430401', '市辖区', '430400'), ('1822', '430405', '珠晖区', '430400'), ('1823', '430406', '雁峰区', '430400'), ('1824', '430407', '石鼓区', '430400'), ('1825', '430408', '蒸湘区', '430400'), ('1826', '430412', '南岳区', '430400'), ('1827', '430421', '衡阳县', '430400'), ('1828', '430422', '衡南县', '430400'), ('1829', '430423', '衡山县', '430400'), ('1830', '430424', '衡东县', '430400'), ('1831', '430426', '祁东县', '430400'), ('1832', '430481', '耒阳市', '430400'), ('1833', '430482', '常宁市', '430400'), ('1834', '430501', '市辖区', '430500'), ('1835', '430502', '双清区', '430500'), ('1836', '430503', '大祥区', '430500'), ('1837', '430511', '北塔区', '430500'), ('1838', '430521', '邵东县', '430500'), ('1839', '430522', '新邵县', '430500'), ('1840', '430523', '邵阳县', '430500'), ('1841', '430524', '隆回县', '430500'), ('1842', '430525', '洞口县', '430500'), ('1843', '430527', '绥宁县', '430500'), ('1844', '430528', '新宁县', '430500'), ('1845', '430529', '城步苗族自治县', '430500'), ('1846', '430581', '武冈市', '430500'), ('1847', '430601', '市辖区', '430600'), ('1848', '430602', '岳阳楼区', '430600'), ('1849', '430603', '云溪区', '430600'), ('1850', '430611', '君山区', '430600'), ('1851', '430621', '岳阳县', '430600'), ('1852', '430623', '华容县', '430600'), ('1853', '430624', '湘阴县', '430600'), ('1854', '430626', '平江县', '430600'), ('1855', '430681', '汨罗市', '430600'), ('1856', '430682', '临湘市', '430600'), ('1857', '430701', '市辖区', '430700'), ('1858', '430702', '武陵区', '430700'), ('1859', '430703', '鼎城区', '430700'), ('1860', '430721', '安乡县', '430700'), ('1861', '430722', '汉寿县', '430700'), ('1862', '430723', '澧　县', '430700'), ('1863', '430724', '临澧县', '430700'), ('1864', '430725', '桃源县', '430700'), ('1865', '430726', '石门县', '430700'), ('1866', '430781', '津市市', '430700'), ('1867', '430801', '市辖区', '430800'), ('1868', '430802', '永定区', '430800'), ('1869', '430811', '武陵源区', '430800'), ('1870', '430821', '慈利县', '430800'), ('1871', '430822', '桑植县', '430800'), ('1872', '430901', '市辖区', '430900'), ('1873', '430902', '资阳区', '430900'), ('1874', '430903', '赫山区', '430900'), ('1875', '430921', '南　县', '430900'), ('1876', '430922', '桃江县', '430900'), ('1877', '430923', '安化县', '430900'), ('1878', '430981', '沅江市', '430900'), ('1879', '431001', '市辖区', '431000'), ('1880', '431002', '北湖区', '431000'), ('1881', '431003', '苏仙区', '431000'), ('1882', '431021', '桂阳县', '431000'), ('1883', '431022', '宜章县', '431000'), ('1884', '431023', '永兴县', '431000'), ('1885', '431024', '嘉禾县', '431000'), ('1886', '431025', '临武县', '431000'), ('1887', '431026', '汝城县', '431000'), ('1888', '431027', '桂东县', '431000'), ('1889', '431028', '安仁县', '431000'), ('1890', '431081', '资兴市', '431000'), ('1891', '431101', '市辖区', '431100'), ('1892', '431102', '芝山区', '431100'), ('1893', '431103', '冷水滩区', '431100'), ('1894', '431121', '祁阳县', '431100'), ('1895', '431122', '东安县', '431100'), ('1896', '431123', '双牌县', '431100'), ('1897', '431124', '道　县', '431100'), ('1898', '431125', '江永县', '431100'), ('1899', '431126', '宁远县', '431100'), ('1900', '431127', '蓝山县', '431100'), ('1901', '431128', '新田县', '431100'), ('1902', '431129', '江华瑶族自治县', '431100'), ('1903', '431201', '市辖区', '431200'), ('1904', '431202', '鹤城区', '431200'), ('1905', '431221', '中方县', '431200'), ('1906', '431222', '沅陵县', '431200'), ('1907', '431223', '辰溪县', '431200'), ('1908', '431224', '溆浦县', '431200'), ('1909', '431225', '会同县', '431200'), ('1910', '431226', '麻阳苗族自治县', '431200'), ('1911', '431227', '新晃侗族自治县', '431200'), ('1912', '431228', '芷江侗族自治县', '431200'), ('1913', '431229', '靖州苗族侗族自治县', '431200'), ('1914', '431230', '通道侗族自治县', '431200'), ('1915', '431281', '洪江市', '431200'), ('1916', '431301', '市辖区', '431300'), ('1917', '431302', '娄星区', '431300'), ('1918', '431321', '双峰县', '431300'), ('1919', '431322', '新化县', '431300'), ('1920', '431381', '冷水江市', '431300'), ('1921', '431382', '涟源市', '431300'), ('1922', '433101', '吉首市', '433100'), ('1923', '433122', '泸溪县', '433100'), ('1924', '433123', '凤凰县', '433100'), ('1925', '433124', '花垣县', '433100'), ('1926', '433125', '保靖县', '433100'), ('1927', '433126', '古丈县', '433100'), ('1928', '433127', '永顺县', '433100'), ('1929', '433130', '龙山县', '433100'), ('1930', '440101', '市辖区', '440100'), ('1931', '440102', '东山区', '440100'), ('1932', '440103', '荔湾区', '440100'), ('1933', '440104', '越秀区', '440100'), ('1934', '440105', '海珠区', '440100'), ('1935', '440106', '天河区', '440100'), ('1936', '440107', '芳村区', '440100'), ('1937', '440111', '白云区', '440100'), ('1938', '440112', '黄埔区', '440100'), ('1939', '440113', '番禺区', '440100'), ('1940', '440114', '花都区', '440100'), ('1941', '440183', '增城市', '440100'), ('1942', '440184', '从化市', '440100'), ('1943', '440201', '市辖区', '440200'), ('1944', '440203', '武江区', '440200'), ('1945', '440204', '浈江区', '440200'), ('1946', '440205', '曲江区', '440200'), ('1947', '440222', '始兴县', '440200'), ('1948', '440224', '仁化县', '440200'), ('1949', '440229', '翁源县', '440200'), ('1950', '440232', '乳源瑶族自治县', '440200'), ('1951', '440233', '新丰县', '440200'), ('1952', '440281', '乐昌市', '440200'), ('1953', '440282', '南雄市', '440200'), ('1954', '440301', '市辖区', '440300'), ('1955', '440303', '罗湖区', '440300'), ('1956', '440304', '福田区', '440300'), ('1957', '440305', '南山区', '440300'), ('1958', '440306', '宝安区', '440300'), ('1959', '440307', '龙岗区', '440300'), ('1960', '440308', '盐田区', '440300'), ('1961', '440401', '市辖区', '440400'), ('1962', '440402', '香洲区', '440400'), ('1963', '440403', '斗门区', '440400'), ('1964', '440404', '金湾区', '440400'), ('1965', '440501', '市辖区', '440500'), ('1966', '440507', '龙湖区', '440500'), ('1967', '440511', '金平区', '440500'), ('1968', '440512', '濠江区', '440500'), ('1969', '440513', '潮阳区', '440500'), ('1970', '440514', '潮南区', '440500'), ('1971', '440515', '澄海区', '440500'), ('1972', '440523', '南澳县', '440500'), ('1973', '440601', '市辖区', '440600'), ('1974', '440604', '禅城区', '440600'), ('1975', '440605', '南海区', '440600'), ('1976', '440606', '顺德区', '440600'), ('1977', '440607', '三水区', '440600'), ('1978', '440608', '高明区', '440600'), ('1979', '440701', '市辖区', '440700'), ('1980', '440703', '蓬江区', '440700'), ('1981', '440704', '江海区', '440700'), ('1982', '440705', '新会区', '440700'), ('1983', '440781', '台山市', '440700'), ('1984', '440783', '开平市', '440700'), ('1985', '440784', '鹤山市', '440700'), ('1986', '440785', '恩平市', '440700'), ('1987', '440801', '市辖区', '440800'), ('1988', '440802', '赤坎区', '440800'), ('1989', '440803', '霞山区', '440800'), ('1990', '440804', '坡头区', '440800'), ('1991', '440811', '麻章区', '440800'), ('1992', '440823', '遂溪县', '440800'), ('1993', '440825', '徐闻县', '440800'), ('1994', '440881', '廉江市', '440800'), ('1995', '440882', '雷州市', '440800'), ('1996', '440883', '吴川市', '440800'), ('1997', '440901', '市辖区', '440900'), ('1998', '440902', '茂南区', '440900'), ('1999', '440903', '茂港区', '440900'), ('2000', '440923', '电白县', '440900'), ('2001', '440981', '高州市', '440900'), ('2002', '440982', '化州市', '440900'), ('2003', '440983', '信宜市', '440900'), ('2004', '441201', '市辖区', '441200'), ('2005', '441202', '端州区', '441200'), ('2006', '441203', '鼎湖区', '441200'), ('2007', '441223', '广宁县', '441200'), ('2008', '441224', '怀集县', '441200'), ('2009', '441225', '封开县', '441200'), ('2010', '441226', '德庆县', '441200'), ('2011', '441283', '高要市', '441200'), ('2012', '441284', '四会市', '441200'), ('2013', '441301', '市辖区', '441300'), ('2014', '441302', '惠城区', '441300'), ('2015', '441303', '惠阳区', '441300'), ('2016', '441322', '博罗县', '441300'), ('2017', '441323', '惠东县', '441300'), ('2018', '441324', '龙门县', '441300'), ('2019', '441401', '市辖区', '441400'), ('2020', '441402', '梅江区', '441400'), ('2021', '441421', '梅　县', '441400'), ('2022', '441422', '大埔县', '441400'), ('2023', '441423', '丰顺县', '441400'), ('2024', '441424', '五华县', '441400'), ('2025', '441426', '平远县', '441400'), ('2026', '441427', '蕉岭县', '441400'), ('2027', '441481', '兴宁市', '441400'), ('2028', '441501', '市辖区', '441500'), ('2029', '441502', '城　区', '441500'), ('2030', '441521', '海丰县', '441500'), ('2031', '441523', '陆河县', '441500'), ('2032', '441581', '陆丰市', '441500'), ('2033', '441601', '市辖区', '441600'), ('2034', '441602', '源城区', '441600'), ('2035', '441621', '紫金县', '441600'), ('2036', '441622', '龙川县', '441600'), ('2037', '441623', '连平县', '441600'), ('2038', '441624', '和平县', '441600'), ('2039', '441625', '东源县', '441600'), ('2040', '441701', '市辖区', '441700'), ('2041', '441702', '江城区', '441700'), ('2042', '441721', '阳西县', '441700'), ('2043', '441723', '阳东县', '441700'), ('2044', '441781', '阳春市', '441700'), ('2045', '441801', '市辖区', '441800'), ('2046', '441802', '清城区', '441800'), ('2047', '441821', '佛冈县', '441800'), ('2048', '441823', '阳山县', '441800'), ('2049', '441825', '连山壮族瑶族自治县', '441800'), ('2050', '441826', '连南瑶族自治县', '441800'), ('2051', '441827', '清新县', '441800'), ('2052', '441881', '英德市', '441800'), ('2053', '441882', '连州市', '441800'), ('2054', '445101', '市辖区', '445100'), ('2055', '445102', '湘桥区', '445100'), ('2056', '445121', '潮安县', '445100'), ('2057', '445122', '饶平县', '445100'), ('2058', '445201', '市辖区', '445200'), ('2059', '445202', '榕城区', '445200'), ('2060', '445221', '揭东县', '445200'), ('2061', '445222', '揭西县', '445200'), ('2062', '445224', '惠来县', '445200'), ('2063', '445281', '普宁市', '445200'), ('2064', '445301', '市辖区', '445300'), ('2065', '445302', '云城区', '445300'), ('2066', '445321', '新兴县', '445300'), ('2067', '445322', '郁南县', '445300'), ('2068', '445323', '云安县', '445300'), ('2069', '445381', '罗定市', '445300'), ('2070', '450101', '市辖区', '450100'), ('2071', '450102', '兴宁区', '450100'), ('2072', '450103', '青秀区', '450100'), ('2073', '450105', '江南区', '450100'), ('2074', '450107', '西乡塘区', '450100'), ('2075', '450108', '良庆区', '450100'), ('2076', '450109', '邕宁区', '450100'), ('2077', '450122', '武鸣县', '450100'), ('2078', '450123', '隆安县', '450100'), ('2079', '450124', '马山县', '450100'), ('2080', '450125', '上林县', '450100'), ('2081', '450126', '宾阳县', '450100'), ('2082', '450127', '横　县', '450100'), ('2083', '450201', '市辖区', '450200'), ('2084', '450202', '城中区', '450200'), ('2085', '450203', '鱼峰区', '450200'), ('2086', '450204', '柳南区', '450200'), ('2087', '450205', '柳北区', '450200'), ('2088', '450221', '柳江县', '450200'), ('2089', '450222', '柳城县', '450200'), ('2090', '450223', '鹿寨县', '450200'), ('2091', '450224', '融安县', '450200'), ('2092', '450225', '融水苗族自治县', '450200'), ('2093', '450226', '三江侗族自治县', '450200'), ('2094', '450301', '市辖区', '450300'), ('2095', '450302', '秀峰区', '450300'), ('2096', '450303', '叠彩区', '450300'), ('2097', '450304', '象山区', '450300'), ('2098', '450305', '七星区', '450300'), ('2099', '450311', '雁山区', '450300'), ('2100', '450321', '阳朔县', '450300'), ('2101', '450322', '临桂县', '450300'), ('2102', '450323', '灵川县', '450300'), ('2103', '450324', '全州县', '450300'), ('2104', '450325', '兴安县', '450300'), ('2105', '450326', '永福县', '450300'), ('2106', '450327', '灌阳县', '450300'), ('2107', '450328', '龙胜各族自治县', '450300'), ('2108', '450329', '资源县', '450300'), ('2109', '450330', '平乐县', '450300'), ('2110', '450331', '荔蒲县', '450300'), ('2111', '450332', '恭城瑶族自治县', '450300'), ('2112', '450401', '市辖区', '450400'), ('2113', '450403', '万秀区', '450400'), ('2114', '450404', '蝶山区', '450400'), ('2115', '450405', '长洲区', '450400'), ('2116', '450421', '苍梧县', '450400'), ('2117', '450422', '藤　县', '450400'), ('2118', '450423', '蒙山县', '450400'), ('2119', '450481', '岑溪市', '450400'), ('2120', '450501', '市辖区', '450500'), ('2121', '450502', '海城区', '450500'), ('2122', '450503', '银海区', '450500'), ('2123', '450512', '铁山港区', '450500'), ('2124', '450521', '合浦县', '450500'), ('2125', '450601', '市辖区', '450600'), ('2126', '450602', '港口区', '450600'), ('2127', '450603', '防城区', '450600'), ('2128', '450621', '上思县', '450600'), ('2129', '450681', '东兴市', '450600'), ('2130', '450701', '市辖区', '450700'), ('2131', '450702', '钦南区', '450700'), ('2132', '450703', '钦北区', '450700'), ('2133', '450721', '灵山县', '450700'), ('2134', '450722', '浦北县', '450700'), ('2135', '450801', '市辖区', '450800'), ('2136', '450802', '港北区', '450800'), ('2137', '450803', '港南区', '450800'), ('2138', '450804', '覃塘区', '450800'), ('2139', '450821', '平南县', '450800'), ('2140', '450881', '桂平市', '450800'), ('2141', '450901', '市辖区', '450900'), ('2142', '450902', '玉州区', '450900'), ('2143', '450921', '容　县', '450900'), ('2144', '450922', '陆川县', '450900'), ('2145', '450923', '博白县', '450900'), ('2146', '450924', '兴业县', '450900'), ('2147', '450981', '北流市', '450900'), ('2148', '451001', '市辖区', '451000'), ('2149', '451002', '右江区', '451000'), ('2150', '451021', '田阳县', '451000'), ('2151', '451022', '田东县', '451000'), ('2152', '451023', '平果县', '451000'), ('2153', '451024', '德保县', '451000'), ('2154', '451025', '靖西县', '451000'), ('2155', '451026', '那坡县', '451000'), ('2156', '451027', '凌云县', '451000'), ('2157', '451028', '乐业县', '451000'), ('2158', '451029', '田林县', '451000'), ('2159', '451030', '西林县', '451000'), ('2160', '451031', '隆林各族自治县', '451000'), ('2161', '451101', '市辖区', '451100'), ('2162', '451102', '八步区', '451100'), ('2163', '451121', '昭平县', '451100'), ('2164', '451122', '钟山县', '451100'), ('2165', '451123', '富川瑶族自治县', '451100'), ('2166', '451201', '市辖区', '451200'), ('2167', '451202', '金城江区', '451200'), ('2168', '451221', '南丹县', '451200'), ('2169', '451222', '天峨县', '451200'), ('2170', '451223', '凤山县', '451200'), ('2171', '451224', '东兰县', '451200'), ('2172', '451225', '罗城仫佬族自治县', '451200'), ('2173', '451226', '环江毛南族自治县', '451200'), ('2174', '451227', '巴马瑶族自治县', '451200'), ('2175', '451228', '都安瑶族自治县', '451200'), ('2176', '451229', '大化瑶族自治县', '451200'), ('2177', '451281', '宜州市', '451200'), ('2178', '451301', '市辖区', '451300'), ('2179', '451302', '兴宾区', '451300'), ('2180', '451321', '忻城县', '451300'), ('2181', '451322', '象州县', '451300'), ('2182', '451323', '武宣县', '451300'), ('2183', '451324', '金秀瑶族自治县', '451300'), ('2184', '451381', '合山市', '451300'), ('2185', '451401', '市辖区', '451400'), ('2186', '451402', '江洲区', '451400'), ('2187', '451421', '扶绥县', '451400'), ('2188', '451422', '宁明县', '451400'), ('2189', '451423', '龙州县', '451400'), ('2190', '451424', '大新县', '451400'), ('2191', '451425', '天等县', '451400'), ('2192', '451481', '凭祥市', '451400'), ('2193', '460101', '市辖区', '460100'), ('2194', '460105', '秀英区', '460100'), ('2195', '460106', '龙华区', '460100'), ('2196', '460107', '琼山区', '460100'), ('2197', '460108', '美兰区', '460100'), ('2198', '460201', '市辖区', '460200'), ('2199', '469001', '五指山市', '469000'), ('2200', '469002', '琼海市', '469000'), ('2201', '469003', '儋州市', '469000'), ('2202', '469005', '文昌市', '469000'), ('2203', '469006', '万宁市', '469000'), ('2204', '469007', '东方市', '469000'), ('2205', '469025', '定安县', '469000'), ('2206', '469026', '屯昌县', '469000'), ('2207', '469027', '澄迈县', '469000'), ('2208', '469028', '临高县', '469000'), ('2209', '469030', '白沙黎族自治县', '469000'), ('2210', '469031', '昌江黎族自治县', '469000'), ('2211', '469033', '乐东黎族自治县', '469000'), ('2212', '469034', '陵水黎族自治县', '469000'), ('2213', '469035', '保亭黎族苗族自治县', '469000'), ('2214', '469036', '琼中黎族苗族自治县', '469000'), ('2215', '469037', '西沙群岛', '469000'), ('2216', '469038', '南沙群岛', '469000'), ('2217', '469039', '中沙群岛的岛礁及其海域', '469000'), ('2218', '500101', '万州区', '500100'), ('2219', '500102', '涪陵区', '500100'), ('2220', '500103', '渝中区', '500100'), ('2221', '500104', '大渡口区', '500100'), ('2222', '500105', '江北区', '500100'), ('2223', '500106', '沙坪坝区', '500100'), ('2224', '500107', '九龙坡区', '500100'), ('2225', '500108', '南岸区', '500100'), ('2226', '500109', '北碚区', '500100'), ('2227', '500110', '万盛区', '500100'), ('2228', '500111', '双桥区', '500100'), ('2229', '500112', '渝北区', '500100'), ('2230', '500113', '巴南区', '500100'), ('2231', '500114', '黔江区', '500100'), ('2232', '500115', '长寿区', '500100'), ('2233', '500222', '綦江县', '500200'), ('2234', '500223', '潼南县', '500200'), ('2235', '500224', '铜梁县', '500200'), ('2236', '500225', '大足县', '500200'), ('2237', '500226', '荣昌县', '500200'), ('2238', '500227', '璧山县', '500200'), ('2239', '500228', '梁平县', '500200'), ('2240', '500229', '城口县', '500200'), ('2241', '500230', '丰都县', '500200'), ('2242', '500231', '垫江县', '500200'), ('2243', '500232', '武隆县', '500200'), ('2244', '500233', '忠　县', '500200'), ('2245', '500234', '开　县', '500200'), ('2246', '500235', '云阳县', '500200'), ('2247', '500236', '奉节县', '500200'), ('2248', '500237', '巫山县', '500200'), ('2249', '500238', '巫溪县', '500200'), ('2250', '500240', '石柱土家族自治县', '500200'), ('2251', '500241', '秀山土家族苗族自治县', '500200'), ('2252', '500242', '酉阳土家族苗族自治县', '500200'), ('2253', '500243', '彭水苗族土家族自治县', '500200'), ('2254', '500381', '江津市', '500300'), ('2255', '500382', '合川市', '500300'), ('2256', '500383', '永川市', '500300'), ('2257', '500384', '南川市', '500300'), ('2258', '510101', '市辖区', '510100'), ('2259', '510104', '锦江区', '510100'), ('2260', '510105', '青羊区', '510100'), ('2261', '510106', '金牛区', '510100'), ('2262', '510107', '武侯区', '510100'), ('2263', '510108', '成华区', '510100'), ('2264', '510112', '龙泉驿区', '510100'), ('2265', '510113', '青白江区', '510100'), ('2266', '510114', '新都区', '510100'), ('2267', '510115', '温江县', '510100'), ('2268', '510121', '金堂县', '510100'), ('2269', '510122', '双流县', '510100'), ('2270', '510124', '郫　县', '510100'), ('2271', '510129', '大邑县', '510100'), ('2272', '510131', '蒲江县', '510100'), ('2273', '510132', '新津县', '510100'), ('2274', '510181', '都江堰市', '510100'), ('2275', '510182', '彭州市', '510100'), ('2276', '510183', '邛崃市', '510100'), ('2277', '510184', '崇州市', '510100'), ('2278', '510301', '市辖区', '510300'), ('2279', '510302', '自流井区', '510300'), ('2280', '510303', '贡井区', '510300'), ('2281', '510304', '大安区', '510300'), ('2282', '510311', '沿滩区', '510300'), ('2283', '510321', '荣　县', '510300'), ('2284', '510322', '富顺县', '510300'), ('2285', '510401', '市辖区', '510400'), ('2286', '510402', '东　区', '510400'), ('2287', '510403', '西　区', '510400'), ('2288', '510411', '仁和区', '510400'), ('2289', '510421', '米易县', '510400'), ('2290', '510422', '盐边县', '510400'), ('2291', '510501', '市辖区', '510500'), ('2292', '510502', '江阳区', '510500'), ('2293', '510503', '纳溪区', '510500'), ('2294', '510504', '龙马潭区', '510500'), ('2295', '510521', '泸　县', '510500'), ('2296', '510522', '合江县', '510500'), ('2297', '510524', '叙永县', '510500'), ('2298', '510525', '古蔺县', '510500'), ('2299', '510601', '市辖区', '510600'), ('2300', '510603', '旌阳区', '510600'), ('2301', '510623', '中江县', '510600'), ('2302', '510626', '罗江县', '510600'), ('2303', '510681', '广汉市', '510600'), ('2304', '510682', '什邡市', '510600'), ('2305', '510683', '绵竹市', '510600'), ('2306', '510701', '市辖区', '510700'), ('2307', '510703', '涪城区', '510700'), ('2308', '510704', '游仙区', '510700'), ('2309', '510722', '三台县', '510700'), ('2310', '510723', '盐亭县', '510700'), ('2311', '510724', '安　县', '510700'), ('2312', '510725', '梓潼县', '510700'), ('2313', '510726', '北川羌族自治县', '510700'), ('2314', '510727', '平武县', '510700'), ('2315', '510781', '江油市', '510700'), ('2316', '510801', '市辖区', '510800'), ('2317', '510802', '市中区', '510800'), ('2318', '510811', '元坝区', '510800'), ('2319', '510812', '朝天区', '510800'), ('2320', '510821', '旺苍县', '510800'), ('2321', '510822', '青川县', '510800'), ('2322', '510823', '剑阁县', '510800'), ('2323', '510824', '苍溪县', '510800'), ('2324', '510901', '市辖区', '510900'), ('2325', '510903', '船山区', '510900'), ('2326', '510904', '安居区', '510900'), ('2327', '510921', '蓬溪县', '510900'), ('2328', '510922', '射洪县', '510900'), ('2329', '510923', '大英县', '510900'), ('2330', '511001', '市辖区', '511000'), ('2331', '511002', '市中区', '511000'), ('2332', '511011', '东兴区', '511000'), ('2333', '511024', '威远县', '511000'), ('2334', '511025', '资中县', '511000'), ('2335', '511028', '隆昌县', '511000'), ('2336', '511101', '市辖区', '511100'), ('2337', '511102', '市中区', '511100'), ('2338', '511111', '沙湾区', '511100'), ('2339', '511112', '五通桥区', '511100'), ('2340', '511113', '金口河区', '511100'), ('2341', '511123', '犍为县', '511100'), ('2342', '511124', '井研县', '511100'), ('2343', '511126', '夹江县', '511100'), ('2344', '511129', '沐川县', '511100'), ('2345', '511132', '峨边彝族自治县', '511100'), ('2346', '511133', '马边彝族自治县', '511100'), ('2347', '511181', '峨眉山市', '511100'), ('2348', '511301', '市辖区', '511300'), ('2349', '511302', '顺庆区', '511300'), ('2350', '511303', '高坪区', '511300'), ('2351', '511304', '嘉陵区', '511300'), ('2352', '511321', '南部县', '511300'), ('2353', '511322', '营山县', '511300'), ('2354', '511323', '蓬安县', '511300'), ('2355', '511324', '仪陇县', '511300'), ('2356', '511325', '西充县', '511300'), ('2357', '511381', '阆中市', '511300'), ('2358', '511401', '市辖区', '511400'), ('2359', '511402', '东坡区', '511400'), ('2360', '511421', '仁寿县', '511400'), ('2361', '511422', '彭山县', '511400'), ('2362', '511423', '洪雅县', '511400'), ('2363', '511424', '丹棱县', '511400'), ('2364', '511425', '青神县', '511400'), ('2365', '511501', '市辖区', '511500'), ('2366', '511502', '翠屏区', '511500'), ('2367', '511521', '宜宾县', '511500'), ('2368', '511522', '南溪县', '511500'), ('2369', '511523', '江安县', '511500'), ('2370', '511524', '长宁县', '511500'), ('2371', '511525', '高　县', '511500'), ('2372', '511526', '珙　县', '511500'), ('2373', '511527', '筠连县', '511500'), ('2374', '511528', '兴文县', '511500'), ('2375', '511529', '屏山县', '511500'), ('2376', '511601', '市辖区', '511600'), ('2377', '511602', '广安区', '511600'), ('2378', '511621', '岳池县', '511600'), ('2379', '511622', '武胜县', '511600'), ('2380', '511623', '邻水县', '511600'), ('2381', '511681', '华莹市', '511600'), ('2382', '511701', '市辖区', '511700'), ('2383', '511702', '通川区', '511700'), ('2384', '511721', '达　县', '511700'), ('2385', '511722', '宣汉县', '511700'), ('2386', '511723', '开江县', '511700'), ('2387', '511724', '大竹县', '511700'), ('2388', '511725', '渠　县', '511700'), ('2389', '511781', '万源市', '511700'), ('2390', '511801', '市辖区', '511800'), ('2391', '511802', '雨城区', '511800'), ('2392', '511821', '名山县', '511800'), ('2393', '511822', '荥经县', '511800'), ('2394', '511823', '汉源县', '511800'), ('2395', '511824', '石棉县', '511800'), ('2396', '511825', '天全县', '511800'), ('2397', '511826', '芦山县', '511800'), ('2398', '511827', '宝兴县', '511800'), ('2399', '511901', '市辖区', '511900'), ('2400', '511902', '巴州区', '511900'), ('2401', '511921', '通江县', '511900'), ('2402', '511922', '南江县', '511900'), ('2403', '511923', '平昌县', '511900'), ('2404', '512001', '市辖区', '512000'), ('2405', '512002', '雁江区', '512000'), ('2406', '512021', '安岳县', '512000'), ('2407', '512022', '乐至县', '512000'), ('2408', '512081', '简阳市', '512000'), ('2409', '513221', '汶川县', '513200'), ('2410', '513222', '理　县', '513200'), ('2411', '513223', '茂　县', '513200'), ('2412', '513224', '松潘县', '513200'), ('2413', '513225', '九寨沟县', '513200'), ('2414', '513226', '金川县', '513200'), ('2415', '513227', '小金县', '513200'), ('2416', '513228', '黑水县', '513200'), ('2417', '513229', '马尔康县', '513200'), ('2418', '513230', '壤塘县', '513200'), ('2419', '513231', '阿坝县', '513200'), ('2420', '513232', '若尔盖县', '513200'), ('2421', '513233', '红原县', '513200'), ('2422', '513321', '康定县', '513300'), ('2423', '513322', '泸定县', '513300'), ('2424', '513323', '丹巴县', '513300'), ('2425', '513324', '九龙县', '513300'), ('2426', '513325', '雅江县', '513300'), ('2427', '513326', '道孚县', '513300'), ('2428', '513327', '炉霍县', '513300'), ('2429', '513328', '甘孜县', '513300'), ('2430', '513329', '新龙县', '513300'), ('2431', '513330', '德格县', '513300'), ('2432', '513331', '白玉县', '513300'), ('2433', '513332', '石渠县', '513300'), ('2434', '513333', '色达县', '513300'), ('2435', '513334', '理塘县', '513300'), ('2436', '513335', '巴塘县', '513300'), ('2437', '513336', '乡城县', '513300'), ('2438', '513337', '稻城县', '513300'), ('2439', '513338', '得荣县', '513300'), ('2440', '513401', '西昌市', '513400'), ('2441', '513422', '木里藏族自治县', '513400'), ('2442', '513423', '盐源县', '513400'), ('2443', '513424', '德昌县', '513400'), ('2444', '513425', '会理县', '513400'), ('2445', '513426', '会东县', '513400'), ('2446', '513427', '宁南县', '513400'), ('2447', '513428', '普格县', '513400'), ('2448', '513429', '布拖县', '513400'), ('2449', '513430', '金阳县', '513400'), ('2450', '513431', '昭觉县', '513400'), ('2451', '513432', '喜德县', '513400'), ('2452', '513433', '冕宁县', '513400'), ('2453', '513434', '越西县', '513400'), ('2454', '513435', '甘洛县', '513400'), ('2455', '513436', '美姑县', '513400'), ('2456', '513437', '雷波县', '513400'), ('2457', '520101', '市辖区', '520100'), ('2458', '520102', '南明区', '520100'), ('2459', '520103', '云岩区', '520100'), ('2460', '520111', '花溪区', '520100'), ('2461', '520112', '乌当区', '520100'), ('2462', '520113', '白云区', '520100'), ('2463', '520114', '小河区', '520100'), ('2464', '520121', '开阳县', '520100'), ('2465', '520122', '息烽县', '520100'), ('2466', '520123', '修文县', '520100'), ('2467', '520181', '清镇市', '520100'), ('2468', '520201', '钟山区', '520200'), ('2469', '520203', '六枝特区', '520200'), ('2470', '520221', '水城县', '520200'), ('2471', '520222', '盘　县', '520200'), ('2472', '520301', '市辖区', '520300'), ('2473', '520302', '红花岗区', '520300'), ('2474', '520303', '汇川区', '520300'), ('2475', '520321', '遵义县', '520300'), ('2476', '520322', '桐梓县', '520300'), ('2477', '520323', '绥阳县', '520300'), ('2478', '520324', '正安县', '520300'), ('2479', '520325', '道真仡佬族苗族自治县', '520300'), ('2480', '520326', '务川仡佬族苗族自治县', '520300'), ('2481', '520327', '凤冈县', '520300'), ('2482', '520328', '湄潭县', '520300'), ('2483', '520329', '余庆县', '520300'), ('2484', '520330', '习水县', '520300'), ('2485', '520381', '赤水市', '520300'), ('2486', '520382', '仁怀市', '520300'), ('2487', '520401', '市辖区', '520400'), ('2488', '520402', '西秀区', '520400'), ('2489', '520421', '平坝县', '520400'), ('2490', '520422', '普定县', '520400'), ('2491', '520423', '镇宁布依族苗族自治县', '520400'), ('2492', '520424', '关岭布依族苗族自治县', '520400'), ('2493', '520425', '紫云苗族布依族自治县', '520400'), ('2494', '522201', '铜仁市', '522200'), ('2495', '522222', '江口县', '522200'), ('2496', '522223', '玉屏侗族自治县', '522200'), ('2497', '522224', '石阡县', '522200'), ('2498', '522225', '思南县', '522200'), ('2499', '522226', '印江土家族苗族自治县', '522200'), ('2500', '522227', '德江县', '522200'), ('2501', '522228', '沿河土家族自治县', '522200'), ('2502', '522229', '松桃苗族自治县', '522200'), ('2503', '522230', '万山特区', '522200'), ('2504', '522301', '兴义市', '522300'), ('2505', '522322', '兴仁县', '522300'), ('2506', '522323', '普安县', '522300'), ('2507', '522324', '晴隆县', '522300'), ('2508', '522325', '贞丰县', '522300'), ('2509', '522326', '望谟县', '522300'), ('2510', '522327', '册亨县', '522300'), ('2511', '522328', '安龙县', '522300'), ('2512', '522401', '毕节市', '522400'), ('2513', '522422', '大方县', '522400'), ('2514', '522423', '黔西县', '522400'), ('2515', '522424', '金沙县', '522400'), ('2516', '522425', '织金县', '522400'), ('2517', '522426', '纳雍县', '522400'), ('2518', '522427', '威宁彝族回族苗族自治县', '522400'), ('2519', '522428', '赫章县', '522400'), ('2520', '522601', '凯里市', '522600'), ('2521', '522622', '黄平县', '522600'), ('2522', '522623', '施秉县', '522600'), ('2523', '522624', '三穗县', '522600'), ('2524', '522625', '镇远县', '522600'), ('2525', '522626', '岑巩县', '522600'), ('2526', '522627', '天柱县', '522600'), ('2527', '522628', '锦屏县', '522600'), ('2528', '522629', '剑河县', '522600'), ('2529', '522630', '台江县', '522600'), ('2530', '522631', '黎平县', '522600'), ('2531', '522632', '榕江县', '522600'), ('2532', '522633', '从江县', '522600'), ('2533', '522634', '雷山县', '522600'), ('2534', '522635', '麻江县', '522600'), ('2535', '522636', '丹寨县', '522600'), ('2536', '522701', '都匀市', '522700'), ('2537', '522702', '福泉市', '522700'), ('2538', '522722', '荔波县', '522700'), ('2539', '522723', '贵定县', '522700'), ('2540', '522725', '瓮安县', '522700'), ('2541', '522726', '独山县', '522700'), ('2542', '522727', '平塘县', '522700'), ('2543', '522728', '罗甸县', '522700'), ('2544', '522729', '长顺县', '522700'), ('2545', '522730', '龙里县', '522700'), ('2546', '522731', '惠水县', '522700'), ('2547', '522732', '三都水族自治县', '522700'), ('2548', '530101', '市辖区', '530100'), ('2549', '530102', '五华区', '530100'), ('2550', '530103', '盘龙区', '530100'), ('2551', '530111', '官渡区', '530100'), ('2552', '530112', '西山区', '530100'), ('2553', '530113', '东川区', '530100'), ('2554', '530121', '呈贡县', '530100'), ('2555', '530122', '晋宁县', '530100'), ('2556', '530124', '富民县', '530100'), ('2557', '530125', '宜良县', '530100'), ('2558', '530126', '石林彝族自治县', '530100'), ('2559', '530127', '嵩明县', '530100'), ('2560', '530128', '禄劝彝族苗族自治县', '530100'), ('2561', '530129', '寻甸回族彝族自治县', '530100'), ('2562', '530181', '安宁市', '530100'), ('2563', '530301', '市辖区', '530300'), ('2564', '530302', '麒麟区', '530300'), ('2565', '530321', '马龙县', '530300'), ('2566', '530322', '陆良县', '530300'), ('2567', '530323', '师宗县', '530300'), ('2568', '530324', '罗平县', '530300'), ('2569', '530325', '富源县', '530300'), ('2570', '530326', '会泽县', '530300'), ('2571', '530328', '沾益县', '530300'), ('2572', '530381', '宣威市', '530300'), ('2573', '530401', '市辖区', '530400'), ('2574', '530402', '红塔区', '530400'), ('2575', '530421', '江川县', '530400'), ('2576', '530422', '澄江县', '530400'), ('2577', '530423', '通海县', '530400'), ('2578', '530424', '华宁县', '530400'), ('2579', '530425', '易门县', '530400'), ('2580', '530426', '峨山彝族自治县', '530400'), ('2581', '530427', '新平彝族傣族自治县', '530400'), ('2582', '530428', '元江哈尼族彝族傣族自治县', '530400'), ('2583', '530501', '市辖区', '530500'), ('2584', '530502', '隆阳区', '530500'), ('2585', '530521', '施甸县', '530500'), ('2586', '530522', '腾冲县', '530500'), ('2587', '530523', '龙陵县', '530500'), ('2588', '530524', '昌宁县', '530500'), ('2589', '530601', '市辖区', '530600'), ('2590', '530602', '昭阳区', '530600'), ('2591', '530621', '鲁甸县', '530600'), ('2592', '530622', '巧家县', '530600'), ('2593', '530623', '盐津县', '530600'), ('2594', '530624', '大关县', '530600'), ('2595', '530625', '永善县', '530600'), ('2596', '530626', '绥江县', '530600'), ('2597', '530627', '镇雄县', '530600'), ('2598', '530628', '彝良县', '530600'), ('2599', '530629', '威信县', '530600'), ('2600', '530630', '水富县', '530600'), ('2601', '530701', '市辖区', '530700'), ('2602', '530702', '古城区', '530700'), ('2603', '530721', '玉龙纳西族自治县', '530700'), ('2604', '530722', '永胜县', '530700'), ('2605', '530723', '华坪县', '530700'), ('2606', '530724', '宁蒗彝族自治县', '530700'), ('2607', '530801', '市辖区', '530800'), ('2608', '530802', '翠云区', '530800'), ('2609', '530821', '普洱哈尼族彝族自治县', '530800'), ('2610', '530822', '墨江哈尼族自治县', '530800'), ('2611', '530823', '景东彝族自治县', '530800'), ('2612', '530824', '景谷傣族彝族自治县', '530800'), ('2613', '530825', '镇沅彝族哈尼族拉祜族自治县', '530800'), ('2614', '530826', '江城哈尼族彝族自治县', '530800'), ('2615', '530827', '孟连傣族拉祜族佤族自治县', '530800'), ('2616', '530828', '澜沧拉祜族自治县', '530800'), ('2617', '530829', '西盟佤族自治县', '530800'), ('2618', '530901', '市辖区', '530900'), ('2619', '530902', '临翔区', '530900'), ('2620', '530921', '凤庆县', '530900'), ('2621', '530922', '云　县', '530900'), ('2622', '530923', '永德县', '530900'), ('2623', '530924', '镇康县', '530900'), ('2624', '530925', '双江拉祜族佤族布朗族傣族自治县', '530900'), ('2625', '530926', '耿马傣族佤族自治县', '530900'), ('2626', '530927', '沧源佤族自治县', '530900'), ('2627', '532301', '楚雄市', '532300'), ('2628', '532322', '双柏县', '532300'), ('2629', '532323', '牟定县', '532300'), ('2630', '532324', '南华县', '532300'), ('2631', '532325', '姚安县', '532300'), ('2632', '532326', '大姚县', '532300'), ('2633', '532327', '永仁县', '532300'), ('2634', '532328', '元谋县', '532300'), ('2635', '532329', '武定县', '532300'), ('2636', '532331', '禄丰县', '532300'), ('2637', '532501', '个旧市', '532500'), ('2638', '532502', '开远市', '532500'), ('2639', '532522', '蒙自县', '532500'), ('2640', '532523', '屏边苗族自治县', '532500'), ('2641', '532524', '建水县', '532500'), ('2642', '532525', '石屏县', '532500'), ('2643', '532526', '弥勒县', '532500'), ('2644', '532527', '泸西县', '532500'), ('2645', '532528', '元阳县', '532500'), ('2646', '532529', '红河县', '532500'), ('2647', '532530', '金平苗族瑶族傣族自治县', '532500'), ('2648', '532531', '绿春县', '532500'), ('2649', '532532', '河口瑶族自治县', '532500'), ('2650', '532621', '文山县', '532600'), ('2651', '532622', '砚山县', '532600'), ('2652', '532623', '西畴县', '532600'), ('2653', '532624', '麻栗坡县', '532600'), ('2654', '532625', '马关县', '532600'), ('2655', '532626', '丘北县', '532600'), ('2656', '532627', '广南县', '532600'), ('2657', '532628', '富宁县', '532600'), ('2658', '532801', '景洪市', '532800'), ('2659', '532822', '勐海县', '532800'), ('2660', '532823', '勐腊县', '532800'), ('2661', '532901', '大理市', '532900'), ('2662', '532922', '漾濞彝族自治县', '532900'), ('2663', '532923', '祥云县', '532900'), ('2664', '532924', '宾川县', '532900'), ('2665', '532925', '弥渡县', '532900'), ('2666', '532926', '南涧彝族自治县', '532900'), ('2667', '532927', '巍山彝族回族自治县', '532900'), ('2668', '532928', '永平县', '532900'), ('2669', '532929', '云龙县', '532900'), ('2670', '532930', '洱源县', '532900'), ('2671', '532931', '剑川县', '532900'), ('2672', '532932', '鹤庆县', '532900'), ('2673', '533102', '瑞丽市', '533100'), ('2674', '533103', '潞西市', '533100'), ('2675', '533122', '梁河县', '533100'), ('2676', '533123', '盈江县', '533100'), ('2677', '533124', '陇川县', '533100'), ('2678', '533321', '泸水县', '533300'), ('2679', '533323', '福贡县', '533300'), ('2680', '533324', '贡山独龙族怒族自治县', '533300'), ('2681', '533325', '兰坪白族普米族自治县', '533300'), ('2682', '533421', '香格里拉县', '533400'), ('2683', '533422', '德钦县', '533400'), ('2684', '533423', '维西傈僳族自治县', '533400'), ('2685', '540101', '市辖区', '540100'), ('2686', '540102', '城关区', '540100'), ('2687', '540121', '林周县', '540100'), ('2688', '540122', '当雄县', '540100'), ('2689', '540123', '尼木县', '540100'), ('2690', '540124', '曲水县', '540100'), ('2691', '540125', '堆龙德庆县', '540100'), ('2692', '540126', '达孜县', '540100'), ('2693', '540127', '墨竹工卡县', '540100'), ('2694', '542121', '昌都县', '542100'), ('2695', '542122', '江达县', '542100'), ('2696', '542123', '贡觉县', '542100'), ('2697', '542124', '类乌齐县', '542100'), ('2698', '542125', '丁青县', '542100'), ('2699', '542126', '察雅县', '542100'), ('2700', '542127', '八宿县', '542100'), ('2701', '542128', '左贡县', '542100'), ('2702', '542129', '芒康县', '542100'), ('2703', '542132', '洛隆县', '542100'), ('2704', '542133', '边坝县', '542100'), ('2705', '542221', '乃东县', '542200'), ('2706', '542222', '扎囊县', '542200'), ('2707', '542223', '贡嘎县', '542200'), ('2708', '542224', '桑日县', '542200'), ('2709', '542225', '琼结县', '542200'), ('2710', '542226', '曲松县', '542200'), ('2711', '542227', '措美县', '542200'), ('2712', '542228', '洛扎县', '542200'), ('2713', '542229', '加查县', '542200'), ('2714', '542231', '隆子县', '542200'), ('2715', '542232', '错那县', '542200'), ('2716', '542233', '浪卡子县', '542200'), ('2717', '542301', '日喀则市', '542300'), ('2718', '542322', '南木林县', '542300'), ('2719', '542323', '江孜县', '542300'), ('2720', '542324', '定日县', '542300'), ('2721', '542325', '萨迦县', '542300'), ('2722', '542326', '拉孜县', '542300'), ('2723', '542327', '昂仁县', '542300'), ('2724', '542328', '谢通门县', '542300'), ('2725', '542329', '白朗县', '542300'), ('2726', '542330', '仁布县', '542300'), ('2727', '542331', '康马县', '542300'), ('2728', '542332', '定结县', '542300'), ('2729', '542333', '仲巴县', '542300'), ('2730', '542334', '亚东县', '542300'), ('2731', '542335', '吉隆县', '542300'), ('2732', '542336', '聂拉木县', '542300'), ('2733', '542337', '萨嘎县', '542300'), ('2734', '542338', '岗巴县', '542300'), ('2735', '542421', '那曲县', '542400'), ('2736', '542422', '嘉黎县', '542400'), ('2737', '542423', '比如县', '542400'), ('2738', '542424', '聂荣县', '542400'), ('2739', '542425', '安多县', '542400'), ('2740', '542426', '申扎县', '542400'), ('2741', '542427', '索　县', '542400'), ('2742', '542428', '班戈县', '542400'), ('2743', '542429', '巴青县', '542400'), ('2744', '542430', '尼玛县', '542400'), ('2745', '542521', '普兰县', '542500'), ('2746', '542522', '札达县', '542500'), ('2747', '542523', '噶尔县', '542500'), ('2748', '542524', '日土县', '542500'), ('2749', '542525', '革吉县', '542500'), ('2750', '542526', '改则县', '542500'), ('2751', '542527', '措勤县', '542500'), ('2752', '542621', '林芝县', '542600'), ('2753', '542622', '工布江达县', '542600'), ('2754', '542623', '米林县', '542600'), ('2755', '542624', '墨脱县', '542600'), ('2756', '542625', '波密县', '542600'), ('2757', '542626', '察隅县', '542600'), ('2758', '542627', '朗　县', '542600'), ('2759', '610101', '市辖区', '610100'), ('2760', '610102', '新城区', '610100'), ('2761', '610103', '碑林区', '610100'), ('2762', '610104', '莲湖区', '610100'), ('2763', '610111', '灞桥区', '610100'), ('2764', '610112', '未央区', '610100'), ('2765', '610113', '雁塔区', '610100'), ('2766', '610114', '阎良区', '610100'), ('2767', '610115', '临潼区', '610100'), ('2768', '610116', '长安区', '610100'), ('2769', '610122', '蓝田县', '610100'), ('2770', '610124', '周至县', '610100'), ('2771', '610125', '户　县', '610100'), ('2772', '610126', '高陵县', '610100'), ('2773', '610201', '市辖区', '610200'), ('2774', '610202', '王益区', '610200'), ('2775', '610203', '印台区', '610200'), ('2776', '610204', '耀州区', '610200'), ('2777', '610222', '宜君县', '610200'), ('2778', '610301', '市辖区', '610300'), ('2779', '610302', '渭滨区', '610300'), ('2780', '610303', '金台区', '610300'), ('2781', '610304', '陈仓区', '610300'), ('2782', '610322', '凤翔县', '610300'), ('2783', '610323', '岐山县', '610300'), ('2784', '610324', '扶风县', '610300'), ('2785', '610326', '眉　县', '610300'), ('2786', '610327', '陇　县', '610300'), ('2787', '610328', '千阳县', '610300'), ('2788', '610329', '麟游县', '610300'), ('2789', '610330', '凤　县', '610300'), ('2790', '610331', '太白县', '610300'), ('2791', '610401', '市辖区', '610400'), ('2792', '610402', '秦都区', '610400'), ('2793', '610403', '杨凌区', '610400'), ('2794', '610404', '渭城区', '610400'), ('2795', '610422', '三原县', '610400'), ('2796', '610423', '泾阳县', '610400'), ('2797', '610424', '乾　县', '610400'), ('2798', '610425', '礼泉县', '610400'), ('2799', '610426', '永寿县', '610400'), ('2800', '610427', '彬　县', '610400'), ('2801', '610428', '长武县', '610400'), ('2802', '610429', '旬邑县', '610400'), ('2803', '610430', '淳化县', '610400'), ('2804', '610431', '武功县', '610400'), ('2805', '610481', '兴平市', '610400'), ('2806', '610501', '市辖区', '610500'), ('2807', '610502', '临渭区', '610500'), ('2808', '610521', '华　县', '610500'), ('2809', '610522', '潼关县', '610500'), ('2810', '610523', '大荔县', '610500'), ('2811', '610524', '合阳县', '610500'), ('2812', '610525', '澄城县', '610500'), ('2813', '610526', '蒲城县', '610500'), ('2814', '610527', '白水县', '610500'), ('2815', '610528', '富平县', '610500'), ('2816', '610581', '韩城市', '610500'), ('2817', '610582', '华阴市', '610500'), ('2818', '610601', '市辖区', '610600'), ('2819', '610602', '宝塔区', '610600'), ('2820', '610621', '延长县', '610600'), ('2821', '610622', '延川县', '610600'), ('2822', '610623', '子长县', '610600'), ('2823', '610624', '安塞县', '610600'), ('2824', '610625', '志丹县', '610600'), ('2825', '610626', '吴旗县', '610600'), ('2826', '610627', '甘泉县', '610600'), ('2827', '610628', '富　县', '610600'), ('2828', '610629', '洛川县', '610600'), ('2829', '610630', '宜川县', '610600'), ('2830', '610631', '黄龙县', '610600'), ('2831', '610632', '黄陵县', '610600'), ('2832', '610701', '市辖区', '610700'), ('2833', '610702', '汉台区', '610700'), ('2834', '610721', '南郑县', '610700'), ('2835', '610722', '城固县', '610700'), ('2836', '610723', '洋　县', '610700'), ('2837', '610724', '西乡县', '610700'), ('2838', '610725', '勉　县', '610700'), ('2839', '610726', '宁强县', '610700'), ('2840', '610727', '略阳县', '610700'), ('2841', '610728', '镇巴县', '610700'), ('2842', '610729', '留坝县', '610700'), ('2843', '610730', '佛坪县', '610700'), ('2844', '610801', '市辖区', '610800'), ('2845', '610802', '榆阳区', '610800'), ('2846', '610821', '神木县', '610800'), ('2847', '610822', '府谷县', '610800'), ('2848', '610823', '横山县', '610800'), ('2849', '610824', '靖边县', '610800'), ('2850', '610825', '定边县', '610800'), ('2851', '610826', '绥德县', '610800'), ('2852', '610827', '米脂县', '610800'), ('2853', '610828', '佳　县', '610800'), ('2854', '610829', '吴堡县', '610800'), ('2855', '610830', '清涧县', '610800'), ('2856', '610831', '子洲县', '610800'), ('2857', '610901', '市辖区', '610900'), ('2858', '610902', '汉滨区', '610900'), ('2859', '610921', '汉阴县', '610900'), ('2860', '610922', '石泉县', '610900'), ('2861', '610923', '宁陕县', '610900'), ('2862', '610924', '紫阳县', '610900'), ('2863', '610925', '岚皋县', '610900'), ('2864', '610926', '平利县', '610900'), ('2865', '610927', '镇坪县', '610900'), ('2866', '610928', '旬阳县', '610900'), ('2867', '610929', '白河县', '610900'), ('2868', '611001', '市辖区', '611000'), ('2869', '611002', '商州区', '611000'), ('2870', '611021', '洛南县', '611000'), ('2871', '611022', '丹凤县', '611000'), ('2872', '611023', '商南县', '611000'), ('2873', '611024', '山阳县', '611000'), ('2874', '611025', '镇安县', '611000'), ('2875', '611026', '柞水县', '611000'), ('2876', '620101', '市辖区', '620100'), ('2877', '620102', '城关区', '620100'), ('2878', '620103', '七里河区', '620100'), ('2879', '620104', '西固区', '620100'), ('2880', '620105', '安宁区', '620100'), ('2881', '620111', '红古区', '620100'), ('2882', '620121', '永登县', '620100'), ('2883', '620122', '皋兰县', '620100'), ('2884', '620123', '榆中县', '620100'), ('2885', '620201', '市辖区', '620200'), ('2886', '620301', '市辖区', '620300'), ('2887', '620302', '金川区', '620300'), ('2888', '620321', '永昌县', '620300'), ('2889', '620401', '市辖区', '620400'), ('2890', '620402', '白银区', '620400'), ('2891', '620403', '平川区', '620400'), ('2892', '620421', '靖远县', '620400'), ('2893', '620422', '会宁县', '620400'), ('2894', '620423', '景泰县', '620400'), ('2895', '620501', '市辖区', '620500'), ('2896', '620502', '秦城区', '620500'), ('2897', '620503', '北道区', '620500'), ('2898', '620521', '清水县', '620500'), ('2899', '620522', '秦安县', '620500'), ('2900', '620523', '甘谷县', '620500'), ('2901', '620524', '武山县', '620500'), ('2902', '620525', '张家川回族自治县', '620500'), ('2903', '620601', '市辖区', '620600'), ('2904', '620602', '凉州区', '620600'), ('2905', '620621', '民勤县', '620600'), ('2906', '620622', '古浪县', '620600'), ('2907', '620623', '天祝藏族自治县', '620600'), ('2908', '620701', '市辖区', '620700'), ('2909', '620702', '甘州区', '620700'), ('2910', '620721', '肃南裕固族自治县', '620700'), ('2911', '620722', '民乐县', '620700'), ('2912', '620723', '临泽县', '620700'), ('2913', '620724', '高台县', '620700'), ('2914', '620725', '山丹县', '620700'), ('2915', '620801', '市辖区', '620800'), ('2916', '620802', '崆峒区', '620800'), ('2917', '620821', '泾川县', '620800'), ('2918', '620822', '灵台县', '620800'), ('2919', '620823', '崇信县', '620800'), ('2920', '620824', '华亭县', '620800'), ('2921', '620825', '庄浪县', '620800'), ('2922', '620826', '静宁县', '620800'), ('2923', '620901', '市辖区', '620900'), ('2924', '620902', '肃州区', '620900'), ('2925', '620921', '金塔县', '620900'), ('2926', '620922', '安西县', '620900'), ('2927', '620923', '肃北蒙古族自治县', '620900'), ('2928', '620924', '阿克塞哈萨克族自治县', '620900'), ('2929', '620981', '玉门市', '620900'), ('2930', '620982', '敦煌市', '620900'), ('2931', '621001', '市辖区', '621000'), ('2932', '621002', '西峰区', '621000'), ('2933', '621021', '庆城县', '621000'), ('2934', '621022', '环　县', '621000'), ('2935', '621023', '华池县', '621000'), ('2936', '621024', '合水县', '621000'), ('2937', '621025', '正宁县', '621000'), ('2938', '621026', '宁　县', '621000'), ('2939', '621027', '镇原县', '621000'), ('2940', '621101', '市辖区', '621100'), ('2941', '621102', '安定区', '621100'), ('2942', '621121', '通渭县', '621100'), ('2943', '621122', '陇西县', '621100'), ('2944', '621123', '渭源县', '621100'), ('2945', '621124', '临洮县', '621100'), ('2946', '621125', '漳　县', '621100'), ('2947', '621126', '岷　县', '621100'), ('2948', '621201', '市辖区', '621200'), ('2949', '621202', '武都区', '621200'), ('2950', '621221', '成　县', '621200'), ('2951', '621222', '文　县', '621200'), ('2952', '621223', '宕昌县', '621200'), ('2953', '621224', '康　县', '621200'), ('2954', '621225', '西和县', '621200'), ('2955', '621226', '礼　县', '621200'), ('2956', '621227', '徽　县', '621200'), ('2957', '621228', '两当县', '621200'), ('2958', '622901', '临夏市', '622900'), ('2959', '622921', '临夏县', '622900'), ('2960', '622922', '康乐县', '622900'), ('2961', '622923', '永靖县', '622900'), ('2962', '622924', '广河县', '622900'), ('2963', '622925', '和政县', '622900'), ('2964', '622926', '东乡族自治县', '622900'), ('2965', '622927', '积石山保安族东乡族撒拉族自治县', '622900'), ('2966', '623001', '合作市', '623000'), ('2967', '623021', '临潭县', '623000'), ('2968', '623022', '卓尼县', '623000'), ('2969', '623023', '舟曲县', '623000'), ('2970', '623024', '迭部县', '623000'), ('2971', '623025', '玛曲县', '623000'), ('2972', '623026', '碌曲县', '623000'), ('2973', '623027', '夏河县', '623000'), ('2974', '630101', '市辖区', '630100'), ('2975', '630102', '城东区', '630100'), ('2976', '630103', '城中区', '630100'), ('2977', '630104', '城西区', '630100'), ('2978', '630105', '城北区', '630100'), ('2979', '630121', '大通回族土族自治县', '630100'), ('2980', '630122', '湟中县', '630100'), ('2981', '630123', '湟源县', '630100'), ('2982', '632121', '平安县', '632100'), ('2983', '632122', '民和回族土族自治县', '632100'), ('2984', '632123', '乐都县', '632100'), ('2985', '632126', '互助土族自治县', '632100'), ('2986', '632127', '化隆回族自治县', '632100'), ('2987', '632128', '循化撒拉族自治县', '632100'), ('2988', '632221', '门源回族自治县', '632200'), ('2989', '632222', '祁连县', '632200'), ('2990', '632223', '海晏县', '632200'), ('2991', '632224', '刚察县', '632200'), ('2992', '632321', '同仁县', '632300'), ('2993', '632322', '尖扎县', '632300'), ('2994', '632323', '泽库县', '632300'), ('2995', '632324', '河南蒙古族自治县', '632300'), ('2996', '632521', '共和县', '632500'), ('2997', '632522', '同德县', '632500'), ('2998', '632523', '贵德县', '632500'), ('2999', '632524', '兴海县', '632500'), ('3000', '632525', '贵南县', '632500'), ('3001', '632621', '玛沁县', '632600'), ('3002', '632622', '班玛县', '632600'), ('3003', '632623', '甘德县', '632600'), ('3004', '632624', '达日县', '632600'), ('3005', '632625', '久治县', '632600'), ('3006', '632626', '玛多县', '632600'), ('3007', '632721', '玉树县', '632700'), ('3008', '632722', '杂多县', '632700'), ('3009', '632723', '称多县', '632700'), ('3010', '632724', '治多县', '632700'), ('3011', '632725', '囊谦县', '632700'), ('3012', '632726', '曲麻莱县', '632700'), ('3013', '632801', '格尔木市', '632800'), ('3014', '632802', '德令哈市', '632800'), ('3015', '632821', '乌兰县', '632800'), ('3016', '632822', '都兰县', '632800'), ('3017', '632823', '天峻县', '632800'), ('3018', '640101', '市辖区', '640100'), ('3019', '640104', '兴庆区', '640100'), ('3020', '640105', '西夏区', '640100'), ('3021', '640106', '金凤区', '640100'), ('3022', '640121', '永宁县', '640100'), ('3023', '640122', '贺兰县', '640100'), ('3024', '640181', '灵武市', '640100'), ('3025', '640201', '市辖区', '640200'), ('3026', '640202', '大武口区', '640200'), ('3027', '640205', '惠农区', '640200'), ('3028', '640221', '平罗县', '640200'), ('3029', '640301', '市辖区', '640300'), ('3030', '640302', '利通区', '640300'), ('3031', '640323', '盐池县', '640300'), ('3032', '640324', '同心县', '640300'), ('3033', '640381', '青铜峡市', '640300'), ('3034', '640401', '市辖区', '640400'), ('3035', '640402', '原州区', '640400'), ('3036', '640422', '西吉县', '640400'), ('3037', '640423', '隆德县', '640400'), ('3038', '640424', '泾源县', '640400'), ('3039', '640425', '彭阳县', '640400'), ('3040', '640501', '市辖区', '640500'), ('3041', '640502', '沙坡头区', '640500'), ('3042', '640521', '中宁县', '640500'), ('3043', '640522', '海原县', '640400'), ('3044', '650101', '市辖区', '650100'), ('3045', '650102', '天山区', '650100'), ('3046', '650103', '沙依巴克区', '650100'), ('3047', '650104', '新市区', '650100'), ('3048', '650105', '水磨沟区', '650100'), ('3049', '650106', '头屯河区', '650100'), ('3050', '650107', '达坂城区', '650100'), ('3051', '650108', '东山区', '650100'), ('3052', '650121', '乌鲁木齐县', '650100'), ('3053', '650201', '市辖区', '650200'), ('3054', '650202', '独山子区', '650200'), ('3055', '650203', '克拉玛依区', '650200'), ('3056', '650204', '白碱滩区', '650200'), ('3057', '650205', '乌尔禾区', '650200'), ('3058', '652101', '吐鲁番市', '652100'), ('3059', '652122', '鄯善县', '652100'), ('3060', '652123', '托克逊县', '652100'), ('3061', '652201', '哈密市', '652200'), ('3062', '652222', '巴里坤哈萨克自治县', '652200'), ('3063', '652223', '伊吾县', '652200'), ('3064', '652301', '昌吉市', '652300'), ('3065', '652302', '阜康市', '652300'), ('3066', '652303', '米泉市', '652300'), ('3067', '652323', '呼图壁县', '652300'), ('3068', '652324', '玛纳斯县', '652300'), ('3069', '652325', '奇台县', '652300'), ('3070', '652327', '吉木萨尔县', '652300'), ('3071', '652328', '木垒哈萨克自治县', '652300'), ('3072', '652701', '博乐市', '652700'), ('3073', '652722', '精河县', '652700'), ('3074', '652723', '温泉县', '652700'), ('3075', '652801', '库尔勒市', '652800'), ('3076', '652822', '轮台县', '652800'), ('3077', '652823', '尉犁县', '652800'), ('3078', '652824', '若羌县', '652800'), ('3079', '652825', '且末县', '652800'), ('3080', '652826', '焉耆回族自治县', '652800'), ('3081', '652827', '和静县', '652800'), ('3082', '652828', '和硕县', '652800'), ('3083', '652829', '博湖县', '652800'), ('3084', '652901', '阿克苏市', '652900'), ('3085', '652922', '温宿县', '652900'), ('3086', '652923', '库车县', '652900'), ('3087', '652924', '沙雅县', '652900'), ('3088', '652925', '新和县', '652900'), ('3089', '652926', '拜城县', '652900'), ('3090', '652927', '乌什县', '652900'), ('3091', '652928', '阿瓦提县', '652900'), ('3092', '652929', '柯坪县', '652900'), ('3093', '653001', '阿图什市', '653000'), ('3094', '653022', '阿克陶县', '653000'), ('3095', '653023', '阿合奇县', '653000'), ('3096', '653024', '乌恰县', '653000'), ('3097', '653101', '喀什市', '653100'), ('3098', '653121', '疏附县', '653100'), ('3099', '653122', '疏勒县', '653100'), ('3100', '653123', '英吉沙县', '653100'), ('3101', '653124', '泽普县', '653100'), ('3102', '653125', '莎车县', '653100'), ('3103', '653126', '叶城县', '653100'), ('3104', '653127', '麦盖提县', '653100'), ('3105', '653128', '岳普湖县', '653100'), ('3106', '653129', '伽师县', '653100'), ('3107', '653130', '巴楚县', '653100'), ('3108', '653131', '塔什库尔干塔吉克自治县', '653100'), ('3109', '653201', '和田市', '653200'), ('3110', '653221', '和田县', '653200'), ('3111', '653222', '墨玉县', '653200'), ('3112', '653223', '皮山县', '653200'), ('3113', '653224', '洛浦县', '653200'), ('3114', '653225', '策勒县', '653200'), ('3115', '653226', '于田县', '653200'), ('3116', '653227', '民丰县', '653200'), ('3117', '654002', '伊宁市', '654000'), ('3118', '654003', '奎屯市', '654000'), ('3119', '654021', '伊宁县', '654000'), ('3120', '654022', '察布查尔锡伯自治县', '654000'), ('3121', '654023', '霍城县', '654000'), ('3122', '654024', '巩留县', '654000'), ('3123', '654025', '新源县', '654000'), ('3124', '654026', '昭苏县', '654000'), ('3125', '654027', '特克斯县', '654000'), ('3126', '654028', '尼勒克县', '654000'), ('3127', '654201', '塔城市', '654200'), ('3128', '654202', '乌苏市', '654200'), ('3129', '654221', '额敏县', '654200'), ('3130', '654223', '沙湾县', '654200'), ('3131', '654224', '托里县', '654200'), ('3132', '654225', '裕民县', '654200'), ('3133', '654226', '和布克赛尔蒙古自治县', '654200'), ('3134', '654301', '阿勒泰市', '654300'), ('3135', '654321', '布尔津县', '654300'), ('3136', '654322', '富蕴县', '654300'), ('3137', '654323', '福海县', '654300'), ('3138', '654324', '哈巴河县', '654300'), ('3139', '654325', '青河县', '654300'), ('3140', '654326', '吉木乃县', '654300'), ('3141', '659001', '石河子市', '659000'), ('3142', '659002', '阿拉尔市', '659000'), ('3143', '659003', '图木舒克市', '659000'), ('3144', '659004', '五家渠市', '659000');
COMMIT;

-- ----------------------------
--  Table structure for `b_cities`
-- ----------------------------
DROP TABLE IF EXISTS `b_cities`;
CREATE TABLE `b_cities` (
  `id` int(11) NOT NULL AUTO_INCREMENT,
  `city_code` varchar(20) NOT NULL,
  `city` varchar(50) NOT NULL,
  `province_code` varchar(20) NOT NULL,
  PRIMARY KEY (`id`)
) ENGINE=MyISAM AUTO_INCREMENT=346 DEFAULT CHARSET=utf8 COMMENT='行政区域地州市信息表';

-- ----------------------------
--  Records of `b_cities`
-- ----------------------------
BEGIN;
INSERT INTO `b_cities` VALUES ('1', '110100', '市辖区', '110000'), ('2', '110200', '县', '110000'), ('3', '120100', '市辖区', '120000'), ('4', '120200', '县', '120000'), ('5', '130100', '石家庄市', '130000'), ('6', '130200', '唐山市', '130000'), ('7', '130300', '秦皇岛市', '130000'), ('8', '130400', '邯郸市', '130000'), ('9', '130500', '邢台市', '130000'), ('10', '130600', '保定市', '130000'), ('11', '130700', '张家口市', '130000'), ('12', '130800', '承德市', '130000'), ('13', '130900', '沧州市', '130000'), ('14', '131000', '廊坊市', '130000'), ('15', '131100', '衡水市', '130000'), ('16', '140100', '太原市', '140000'), ('17', '140200', '大同市', '140000'), ('18', '140300', '阳泉市', '140000'), ('19', '140400', '长治市', '140000'), ('20', '140500', '晋城市', '140000'), ('21', '140600', '朔州市', '140000'), ('22', '140700', '晋中市', '140000'), ('23', '140800', '运城市', '140000'), ('24', '140900', '忻州市', '140000'), ('25', '141000', '临汾市', '140000'), ('26', '141100', '吕梁市', '140000'), ('27', '150100', '呼和浩特市', '150000'), ('28', '150200', '包头市', '150000'), ('29', '150300', '乌海市', '150000'), ('30', '150400', '赤峰市', '150000'), ('31', '150500', '通辽市', '150000'), ('32', '150600', '鄂尔多斯市', '150000'), ('33', '150700', '呼伦贝尔市', '150000'), ('34', '150800', '巴彦淖尔市', '150000'), ('35', '150900', '乌兰察布市', '150000'), ('36', '152200', '兴安盟', '150000'), ('37', '152500', '锡林郭勒盟', '150000'), ('38', '152900', '阿拉善盟', '150000'), ('39', '210100', '沈阳市', '210000'), ('40', '210200', '大连市', '210000'), ('41', '210300', '鞍山市', '210000'), ('42', '210400', '抚顺市', '210000'), ('43', '210500', '本溪市', '210000'), ('44', '210600', '丹东市', '210000'), ('45', '210700', '锦州市', '210000'), ('46', '210800', '营口市', '210000'), ('47', '210900', '阜新市', '210000'), ('48', '211000', '辽阳市', '210000'), ('49', '211100', '盘锦市', '210000'), ('50', '211200', '铁岭市', '210000'), ('51', '211300', '朝阳市', '210000'), ('52', '211400', '葫芦岛市', '210000'), ('53', '220100', '长春市', '220000'), ('54', '220200', '吉林市', '220000'), ('55', '220300', '四平市', '220000'), ('56', '220400', '辽源市', '220000'), ('57', '220500', '通化市', '220000'), ('58', '220600', '白山市', '220000'), ('59', '220700', '松原市', '220000'), ('60', '220800', '白城市', '220000'), ('61', '222400', '延边朝鲜族自治州', '220000'), ('62', '230100', '哈尔滨市', '230000'), ('63', '230200', '齐齐哈尔市', '230000'), ('64', '230300', '鸡西市', '230000'), ('65', '230400', '鹤岗市', '230000'), ('66', '230500', '双鸭山市', '230000'), ('67', '230600', '大庆市', '230000'), ('68', '230700', '伊春市', '230000'), ('69', '230800', '佳木斯市', '230000'), ('70', '230900', '七台河市', '230000'), ('71', '231000', '牡丹江市', '230000'), ('72', '231100', '黑河市', '230000'), ('73', '231200', '绥化市', '230000'), ('74', '232700', '大兴安岭地区', '230000'), ('75', '310100', '市辖区', '310000'), ('76', '310200', '县', '310000'), ('77', '320100', '南京市', '320000'), ('78', '320200', '无锡市', '320000'), ('79', '320300', '徐州市', '320000'), ('80', '320400', '常州市', '320000'), ('81', '320500', '苏州市', '320000'), ('82', '320600', '南通市', '320000'), ('83', '320700', '连云港市', '320000'), ('84', '320800', '淮安市', '320000'), ('85', '320900', '盐城市', '320000'), ('86', '321000', '扬州市', '320000'), ('87', '321100', '镇江市', '320000'), ('88', '321200', '泰州市', '320000'), ('89', '321300', '宿迁市', '320000'), ('90', '330100', '杭州市', '330000'), ('91', '330200', '宁波市', '330000'), ('92', '330300', '温州市', '330000'), ('93', '330400', '嘉兴市', '330000'), ('94', '330500', '湖州市', '330000'), ('95', '330600', '绍兴市', '330000'), ('96', '330700', '金华市', '330000'), ('97', '330800', '衢州市', '330000'), ('98', '330900', '舟山市', '330000'), ('99', '331000', '台州市', '330000'), ('100', '331100', '丽水市', '330000'), ('101', '340100', '合肥市', '340000'), ('102', '340200', '芜湖市', '340000'), ('103', '340300', '蚌埠市', '340000'), ('104', '340400', '淮南市', '340000'), ('105', '340500', '马鞍山市', '340000'), ('106', '340600', '淮北市', '340000'), ('107', '340700', '铜陵市', '340000'), ('108', '340800', '安庆市', '340000'), ('109', '341000', '黄山市', '340000'), ('110', '341100', '滁州市', '340000'), ('111', '341200', '阜阳市', '340000'), ('112', '341300', '宿州市', '340000'), ('113', '341400', '巢湖市', '340000'), ('114', '341500', '六安市', '340000'), ('115', '341600', '亳州市', '340000'), ('116', '341700', '池州市', '340000'), ('117', '341800', '宣城市', '340000'), ('118', '350100', '福州市', '350000'), ('119', '350200', '厦门市', '350000'), ('120', '350300', '莆田市', '350000'), ('121', '350400', '三明市', '350000'), ('122', '350500', '泉州市', '350000'), ('123', '350600', '漳州市', '350000'), ('124', '350700', '南平市', '350000'), ('125', '350800', '龙岩市', '350000'), ('126', '350900', '宁德市', '350000'), ('127', '360100', '南昌市', '360000'), ('128', '360200', '景德镇市', '360000'), ('129', '360300', '萍乡市', '360000'), ('130', '360400', '九江市', '360000'), ('131', '360500', '新余市', '360000'), ('132', '360600', '鹰潭市', '360000'), ('133', '360700', '赣州市', '360000'), ('134', '360800', '吉安市', '360000'), ('135', '360900', '宜春市', '360000'), ('136', '361000', '抚州市', '360000'), ('137', '361100', '上饶市', '360000'), ('138', '370100', '济南市', '370000'), ('139', '370200', '青岛市', '370000'), ('140', '370300', '淄博市', '370000'), ('141', '370400', '枣庄市', '370000'), ('142', '370500', '东营市', '370000'), ('143', '370600', '烟台市', '370000'), ('144', '370700', '潍坊市', '370000'), ('145', '370800', '济宁市', '370000'), ('146', '370900', '泰安市', '370000'), ('147', '371000', '威海市', '370000'), ('148', '371100', '日照市', '370000'), ('149', '371200', '莱芜市', '370000'), ('150', '371300', '临沂市', '370000'), ('151', '371400', '德州市', '370000'), ('152', '371500', '聊城市', '370000'), ('153', '371600', '滨州市', '370000'), ('154', '371700', '荷泽市', '370000'), ('155', '410100', '郑州市', '410000'), ('156', '410200', '开封市', '410000'), ('157', '410300', '洛阳市', '410000'), ('158', '410400', '平顶山市', '410000'), ('159', '410500', '安阳市', '410000'), ('160', '410600', '鹤壁市', '410000'), ('161', '410700', '新乡市', '410000'), ('162', '410800', '焦作市', '410000'), ('163', '410900', '濮阳市', '410000'), ('164', '411000', '许昌市', '410000'), ('165', '411100', '漯河市', '410000'), ('166', '411200', '三门峡市', '410000'), ('167', '411300', '南阳市', '410000'), ('168', '411400', '商丘市', '410000'), ('169', '411500', '信阳市', '410000'), ('170', '411600', '周口市', '410000'), ('171', '411700', '驻马店市', '410000'), ('172', '420100', '武汉市', '420000'), ('173', '420200', '黄石市', '420000'), ('174', '420300', '十堰市', '420000'), ('175', '420500', '宜昌市', '420000'), ('176', '420600', '襄樊市', '420000'), ('177', '420700', '鄂州市', '420000'), ('178', '420800', '荆门市', '420000'), ('179', '420900', '孝感市', '420000'), ('180', '421000', '荆州市', '420000'), ('181', '421100', '黄冈市', '420000'), ('182', '421200', '咸宁市', '420000'), ('183', '421300', '随州市', '420000'), ('184', '422800', '恩施土家族苗族自治州', '420000'), ('185', '429000', '省直辖行政单位', '420000'), ('186', '430100', '长沙市', '430000'), ('187', '430200', '株洲市', '430000'), ('188', '430300', '湘潭市', '430000'), ('189', '430400', '衡阳市', '430000'), ('190', '430500', '邵阳市', '430000'), ('191', '430600', '岳阳市', '430000'), ('192', '430700', '常德市', '430000'), ('193', '430800', '张家界市', '430000'), ('194', '430900', '益阳市', '430000'), ('195', '431000', '郴州市', '430000'), ('196', '431100', '永州市', '430000'), ('197', '431200', '怀化市', '430000'), ('198', '431300', '娄底市', '430000'), ('199', '433100', '湘西土家族苗族自治州', '430000'), ('200', '440100', '广州市', '440000'), ('201', '440200', '韶关市', '440000'), ('202', '440300', '深圳市', '440000'), ('203', '440400', '珠海市', '440000'), ('204', '440500', '汕头市', '440000'), ('205', '440600', '佛山市', '440000'), ('206', '440700', '江门市', '440000'), ('207', '440800', '湛江市', '440000'), ('208', '440900', '茂名市', '440000'), ('209', '441200', '肇庆市', '440000'), ('210', '441300', '惠州市', '440000'), ('211', '441400', '梅州市', '440000'), ('212', '441500', '汕尾市', '440000'), ('213', '441600', '河源市', '440000'), ('214', '441700', '阳江市', '440000'), ('215', '441800', '清远市', '440000'), ('216', '441900', '东莞市', '440000'), ('217', '442000', '中山市', '440000'), ('218', '445100', '潮州市', '440000'), ('219', '445200', '揭阳市', '440000'), ('220', '445300', '云浮市', '440000'), ('221', '450100', '南宁市', '450000'), ('222', '450200', '柳州市', '450000'), ('223', '450300', '桂林市', '450000'), ('224', '450400', '梧州市', '450000'), ('225', '450500', '北海市', '450000'), ('226', '450600', '防城港市', '450000'), ('227', '450700', '钦州市', '450000'), ('228', '450800', '贵港市', '450000'), ('229', '450900', '玉林市', '450000'), ('230', '451000', '百色市', '450000'), ('231', '451100', '贺州市', '450000'), ('232', '451200', '河池市', '450000'), ('233', '451300', '来宾市', '450000'), ('234', '451400', '崇左市', '450000'), ('235', '460100', '海口市', '460000'), ('236', '460200', '三亚市', '460000'), ('237', '469000', '省直辖县级行政单位', '460000'), ('238', '500100', '市辖区', '500000'), ('239', '500200', '县', '500000'), ('240', '500300', '市', '500000'), ('241', '510100', '成都市', '510000'), ('242', '510300', '自贡市', '510000'), ('243', '510400', '攀枝花市', '510000'), ('244', '510500', '泸州市', '510000'), ('245', '510600', '德阳市', '510000'), ('246', '510700', '绵阳市', '510000'), ('247', '510800', '广元市', '510000'), ('248', '510900', '遂宁市', '510000'), ('249', '511000', '内江市', '510000'), ('250', '511100', '乐山市', '510000'), ('251', '511300', '南充市', '510000'), ('252', '511400', '眉山市', '510000'), ('253', '511500', '宜宾市', '510000'), ('254', '511600', '广安市', '510000'), ('255', '511700', '达州市', '510000'), ('256', '511800', '雅安市', '510000'), ('257', '511900', '巴中市', '510000'), ('258', '512000', '资阳市', '510000'), ('259', '513200', '阿坝藏族羌族自治州', '510000'), ('260', '513300', '甘孜藏族自治州', '510000'), ('261', '513400', '凉山彝族自治州', '510000'), ('262', '520100', '贵阳市', '520000'), ('263', '520200', '六盘水市', '520000'), ('264', '520300', '遵义市', '520000'), ('265', '520400', '安顺市', '520000'), ('266', '522200', '铜仁地区', '520000'), ('267', '522300', '黔西南布依族苗族自治州', '520000'), ('268', '522400', '毕节地区', '520000'), ('269', '522600', '黔东南苗族侗族自治州', '520000'), ('270', '522700', '黔南布依族苗族自治州', '520000'), ('271', '530100', '昆明市', '530000'), ('272', '530300', '曲靖市', '530000'), ('273', '530400', '玉溪市', '530000'), ('274', '530500', '保山市', '530000'), ('275', '530600', '昭通市', '530000'), ('276', '530700', '丽江市', '530000'), ('277', '530800', '思茅市', '530000'), ('278', '530900', '临沧市', '530000'), ('279', '532300', '楚雄彝族自治州', '530000'), ('280', '532500', '红河哈尼族彝族自治州', '530000'), ('281', '532600', '文山壮族苗族自治州', '530000'), ('282', '532800', '西双版纳傣族自治州', '530000'), ('283', '532900', '大理白族自治州', '530000'), ('284', '533100', '德宏傣族景颇族自治州', '530000'), ('285', '533300', '怒江傈僳族自治州', '530000'), ('286', '533400', '迪庆藏族自治州', '530000'), ('287', '540100', '拉萨市', '540000'), ('288', '542100', '昌都地区', '540000'), ('289', '542200', '山南地区', '540000'), ('290', '542300', '日喀则地区', '540000'), ('291', '542400', '那曲地区', '540000'), ('292', '542500', '阿里地区', '540000'), ('293', '542600', '林芝地区', '540000'), ('294', '610100', '西安市', '610000'), ('295', '610200', '铜川市', '610000'), ('296', '610300', '宝鸡市', '610000'), ('297', '610400', '咸阳市', '610000'), ('298', '610500', '渭南市', '610000'), ('299', '610600', '延安市', '610000'), ('300', '610700', '汉中市', '610000'), ('301', '610800', '榆林市', '610000'), ('302', '610900', '安康市', '610000'), ('303', '611000', '商洛市', '610000'), ('304', '620100', '兰州市', '620000'), ('305', '620200', '嘉峪关市', '620000'), ('306', '620300', '金昌市', '620000'), ('307', '620400', '白银市', '620000'), ('308', '620500', '天水市', '620000'), ('309', '620600', '武威市', '620000'), ('310', '620700', '张掖市', '620000'), ('311', '620800', '平凉市', '620000'), ('312', '620900', '酒泉市', '620000'), ('313', '621000', '庆阳市', '620000'), ('314', '621100', '定西市', '620000'), ('315', '621200', '陇南市', '620000'), ('316', '622900', '临夏回族自治州', '620000'), ('317', '623000', '甘南藏族自治州', '620000'), ('318', '630100', '西宁市', '630000'), ('319', '632100', '海东地区', '630000'), ('320', '632200', '海北藏族自治州', '630000'), ('321', '632300', '黄南藏族自治州', '630000'), ('322', '632500', '海南藏族自治州', '630000'), ('323', '632600', '果洛藏族自治州', '630000'), ('324', '632700', '玉树藏族自治州', '630000'), ('325', '632800', '海西蒙古族藏族自治州', '630000'), ('326', '640100', '银川市', '640000'), ('327', '640200', '石嘴山市', '640000'), ('328', '640300', '吴忠市', '640000'), ('329', '640400', '固原市', '640000'), ('330', '640500', '中卫市', '640000'), ('331', '650100', '乌鲁木齐市', '650000'), ('332', '650200', '克拉玛依市', '650000'), ('333', '652100', '吐鲁番地区', '650000'), ('334', '652200', '哈密地区', '650000'), ('335', '652300', '昌吉回族自治州', '650000'), ('336', '652700', '博尔塔拉蒙古自治州', '650000'), ('337', '652800', '巴音郭楞蒙古自治州', '650000'), ('338', '652900', '阿克苏地区', '650000'), ('339', '653000', '克孜勒苏柯尔克孜自治州', '650000'), ('340', '653100', '喀什地区', '650000'), ('341', '653200', '和田地区', '650000'), ('342', '654000', '伊犁哈萨克自治州', '650000'), ('343', '654200', '塔城地区', '650000'), ('344', '654300', '阿勒泰地区', '650000'), ('345', '659000', '省直辖行政单位', '650000');
COMMIT;

-- ----------------------------
--  Table structure for `b_code`
-- ----------------------------
DROP TABLE IF EXISTS `b_code`;
CREATE TABLE `b_code` (
  `code` varchar(50) NOT NULL COMMENT '编号',
  `value` varchar(1000) NOT NULL COMMENT '值',
  `remark` varchar(50) DEFAULT NULL COMMENT '备注',
  PRIMARY KEY (`code`)
) ENGINE=InnoDB DEFAULT CHARSET=utf8 COMMENT='基础参数表';

-- ----------------------------
--  Records of `b_code`
-- ----------------------------
BEGIN;
INSERT INTO `b_code` VALUES ('1004', '0', '发帖送积分（0不开启）'), ('1005', '1', '消费1元等于多少积分'), ('1007', '顺丰速递,EMS,申通速递,德邦,韵达快递,圆通速递,百世汇通,天天快递,中通快递,宅急送,全峰快递', '快递名称(英文逗号‘,’隔开)'), ('1008', '支付宝,微信,中行,交行,农行,工行,交行,建行', '提现渠道名称(英文逗号‘,’隔开)'), ('1009', '400800', '联系电话'), ('1010', '10', '提现最小值(整型/元)'), ('1011', '车行说,汽车,大众', 'seo关键字'), ('1012', '宝骏730,博越,福克斯,奥迪A4l', '热搜词汇'), ('welcome@sys', 'd07d0984690245768194eb95022274ef', '欢迎页(建议尺寸:640*320)');
COMMIT;

-- ----------------------------
--  Table structure for `b_feedback`
-- ----------------------------
DROP TABLE IF EXISTS `b_feedback`;
CREATE TABLE `b_feedback` (
  `id` varchar(50) NOT NULL COMMENT 'id',
  `img` varchar(50) DEFAULT NULL COMMENT '图片',
  `tel` varchar(50) NOT NULL COMMENT '联系电话',
  `info` varchar(400) NOT NULL COMMENT '内容',
  `user_id` varchar(50) DEFAULT NULL,
  `create_time` datetime NOT NULL COMMENT '创建时间',
  PRIMARY KEY (`id`)
) ENGINE=InnoDB DEFAULT CHARSET=utf8 COMMENT='意见反馈表';

-- ----------------------------
--  Records of `b_feedback`
-- ----------------------------
BEGIN;
INSERT INTO `b_feedback` VALUES ('1', null, '123123', '123123', '123123', '2017-05-15 10:55:42'), ('21464fe75cac4bbfb3a68af7a901f266', 'e0080b1908db4b56a5861869bc8f56a3', '110', '大天苍苍兮大地茫茫，人各有志兮何可思量，狐神鼠圣兮薄社依墙。雷霆一发兮其孰敢当', '75141376', '2017-07-05 11:17:35'), ('23287c04c3ee4f618e1402f8bce037bb', 'bc27bd02679c4dc788e1255b12d39f2e', '110', '测试下有没有问题', '12008059', '2017-07-11 13:29:01'), ('25addfc76cba400bbb8e2cdea7e433b0', null, '110', '大天苍苍兮大地茫茫，人各有志兮何可思量，狐神鼠圣兮薄社依墙。雷霆一发兮其孰敢当', '75141376', '2017-07-05 11:04:24'), ('2aa0312abf4f4054b02a331b7d3af50e', null, '15874588755', 'sdfsa', '80a55c74522f4f709c11b62f2f78093a', '2017-05-15 11:11:44'), ('3b58dc7d57154ef789f7865799e46edd', 'f745568535554b0d8e7a3de0d0d290d9', '110', '大天苍苍兮大地茫茫，人各有志兮何可思量，狐神鼠圣兮薄社依墙。雷霆一发兮其孰敢当', '75141376', '2017-07-05 11:15:59'), ('49badf792e9641dcbe67d1f3fa35cd55', null, '1213234', '124123', '768652c79ad842769197c2e4d09c1eab', '2017-05-15 11:12:26'), ('63943acaecaf4c5bb374e447bd5e8018', 'bc786188a0b9485cb2fcfd4b98e93198', '110', '大天苍苍兮大地茫茫，人各有志兮何可思量，狐神鼠圣兮薄社依墙。雷霆一发兮其孰敢当', '75141376', '2017-07-05 11:04:55'), ('7f3d88881b164aaba290a008135605bb', null, '123456', 'Gdhgfjg', '768652c79ad842769197c2e4d09c1eab', '2017-05-15 12:31:18'), ('a841df7b55554d5eb0098685e19daae5', 'c937266602934326820111f6e932f0a1', '110', '1111', '20317161', '2017-06-20 10:25:53'), ('e5b2662b58ba4dfa9e2f0da90f5963f4', '123', '110', '111', null, '2017-06-20 10:20:14'), ('f63fd55e62a24c22a7dab738404b6322', null, '110', '我要上天了', '95070560', '2017-05-15 22:12:59'), ('f980023e3b9647fe9ea21fd5d6fc35b0', null, '110', '我的人都有一个', '12008059', '2017-07-11 13:31:56'), ('f9d71068dd6c44ac82a77eb5c00e8201', null, '110', '111', null, '2017-06-20 10:20:41');
COMMIT;

-- ----------------------------
--  Table structure for `b_file`
-- ----------------------------
DROP TABLE IF EXISTS `b_file`;
CREATE TABLE `b_file` (
  `file_id` varchar(50) NOT NULL COMMENT 'id',
  `file_belong` varchar(50) DEFAULT NULL COMMENT '归属',
  `file_path` varchar(300) DEFAULT NULL COMMENT '相对路径',
  `file_minitype` varchar(50) DEFAULT NULL COMMENT 'mine',
  `file_name` varchar(300) DEFAULT NULL COMMENT '文件名',
  `file_state` int(11) DEFAULT NULL COMMENT '状态',
  `file_size` decimal(10,0) DEFAULT NULL COMMENT '大小',
  `file_md5` varchar(50) DEFAULT NULL COMMENT 'MD5',
  `file_creater` varchar(50) DEFAULT NULL COMMENT '创建人',
  `file_createtime` datetime DEFAULT NULL COMMENT '创建时间',
  PRIMARY KEY (`file_id`)
) ENGINE=InnoDB DEFAULT CHARSET=utf8 COMMENT='文件表';

-- ----------------------------
--  Records of `b_file`
-- ----------------------------
BEGIN;
INSERT INTO `b_file` VALUES ('06c2caf2c7494df2beaa22219d84b5d9', null, '2017-7-13/image_jpeg/06c2caf2c7494df2beaa22219d84b5d9.jpg', 'image/jpeg', '94de80a85ea9187a84bf54.jpg', '1', '54427', '39736545b0c97a3e6376a930341e77c2', '600x399', '2017-07-13 10:11:47'), ('0c9c36d65e284d288789c88f0de82ea7', null, '2017-7-13/image_jpeg/0c9c36d65e284d288789c88f0de82ea7.jpg', 'image/jpeg', 'IMG.JPG', '1', '45112', 'e749cb368f1e9786218f2e7f2ac0842c', '350x350', '2017-07-13 09:25:41'), ('10431b5b26c647bba15610ee82bdb69a', null, '2017-6-29/image_png/10431b5b26c647bba15610ee82bdb69a.png', 'image/png', '1.png', '1', '26357', '255ce9582cb5dfe536aa4ae846c0867d', '150x135', '2017-06-29 17:09:06'), ('15558ee5fcc549958a397d24c328daec', null, '2017-6-29/image_png/15558ee5fcc549958a397d24c328daec.png', 'image/png', '1.png', '1', '45928', '9a3bc50428743025d8fbe18688a1216a', '180x180', '2017-06-29 17:10:17'), ('16b3e2ce8388443b90dc15d858470b3a', null, '2017-7-11/image_jpeg/16b3e2ce8388443b90dc15d858470b3a.jpg', 'image/jpeg', '微信图片_20170711135631.jpg', '1', '51937', 'b1a8cd5e782c9591794ab4e82306e1f6', '800x800', '2017-07-11 13:56:54'), ('18b404a27e1443b19fe3a42faef6ac0f', null, '2017-7-12/image_jpeg/18b404a27e1443b19fe3a42faef6ac0f.jpg', 'image/jpeg', '微信图片_20170712145711.jpg', '1', '30951', '3ee317d98ee44b9bc9409f93f8163b87', '700x700', '2017-07-12 14:58:05'), ('1bab6dbf2b374e36ae45bf4f85f83a52', null, '2017-6-23/image_jpeg/1bab6dbf2b374e36ae45bf4f85f83a52.jpg', 'image/jpeg', 'IMG.JPG', '1', '31747', '1b5c312b86b2f88c1ed8ae9de7356ee8', '303x267', '2017-06-23 15:46:59'), ('1c6123406dc942e79d424cc676eb123b', null, '2017-7-7/image_png/1c6123406dc942e79d424cc676eb123b.png', 'image/png', '1.png', '1', '285612', 'd1035506267015de420a1aeaab9d49c3', '750x353', '2017-07-07 16:22:44'), ('1c6b281083c4450b993d6cad5720b741', null, '2017-6-27/image_jpeg/1c6b281083c4450b993d6cad5720b741.jpg', 'image/jpeg', 'IMG.JPG', '1', '77528', '278a61afeaa67eb18fa0af55d8e3ceb6', '180x180', '2017-06-27 15:53:51'), ('1c9f70d15f824f5dba2f81174f7fab1b', null, '2017-7-13/image_jpeg/1c9f70d15f824f5dba2f81174f7fab1b.jpg', 'image/jpeg', 'IMG.JPG', '1', '300057', 'aa08585d657fc068c842325fc0a68cc5', '1280x960', '2017-07-13 09:18:08'), ('1e995f8400ec4afa9ff6c5ac2707c081', null, '2017-7-11/image_jpeg/1e995f8400ec4afa9ff6c5ac2707c081.jpg', 'image/jpeg', '19205746_980x1200_0.jpg', '1', '44237', '1bf2bc1d710e3146b3d6ac3c69b9e44b', '640x640', '2017-07-11 13:55:34'), ('2231849e68604cb680e5454a7833b883', null, '2017-7-6/image_jpeg/2231849e68604cb680e5454a7833b883.jpeg', 'image/jpeg', 'a06c0fe3-9d73-468f-873d-d1d8834a2de8.jpeg', '1', '8512', '1ea43e7a614211bb5f9ad1217ca24e78', '372x371', '2017-07-06 15:45:02'), ('23ea3ea53f2e4f419d15424d994357c5', null, '2017-7-12/image_jpeg/23ea3ea53f2e4f419d15424d994357c5.jpg', 'image/jpeg', '微信图片_20170712140124.jpg', '1', '124246', '0d0771d1c0cf4229aa4687cfa82e6281', '800x800', '2017-07-12 14:01:40'), ('2770cdd70f47462aa5357564a1981a15', null, '2017-7-13/image_jpeg/2770cdd70f47462aa5357564a1981a15.jpg', 'image/jpeg', '09V58PICMiu_1024.jpg', '1', '70825', '140c20eaf6511d8aa057196ea60e1c79', '673x312', '2017-07-13 10:27:37'), ('2db18e1ff60c4b63b16c454ddb0a1e8a', null, '2017-6-27/image_jpeg/2db18e1ff60c4b63b16c454ddb0a1e8a.jpg', 'image/jpeg', 'IMG.JPG', '1', '53198', '228f07eebfafa294fa8d02ac27f2e68f', '178x178', '2017-06-27 15:21:08'), ('2e431968088248e0b69e06e2ade3891e', null, '2017-7-7/image_jpeg/2e431968088248e0b69e06e2ade3891e.jpg', 'image/jpeg', 'IMG.JPG', '1', '25680', '148de68112b385e856ffe9b89211a110', '372x371', '2017-07-07 16:06:38'), ('338d9414b9a142ac83dc15182baaee12', null, '2017-7-6/image_jpeg/338d9414b9a142ac83dc15182baaee12.jpeg', 'image/jpeg', '5ed983c3-00ba-4573-ac9f-316beb73a239.jpeg', '1', '6403', '63a0898f8861852056490cc7dd2bf6ca', '284x284', '2017-07-06 15:42:24'), ('3aff1cd6a51a47aa8afa1fce8da8e642', null, '2017-7-12/image_png/3aff1cd6a51a47aa8afa1fce8da8e642.png', 'image/png', 'BBBBC6D6-880F-4706-9601-D9C39C1DF2BF.png', '1', '38908', '31a08135ea3414899a6b4f4ea54e240f', '506x274', '2017-07-12 15:48:10'), ('3f89e8ced93547909bb75a33eec0d9d6', null, '2017-7-13/image_png/3f89e8ced93547909bb75a33eec0d9d6.png', 'image/png', 'B[]@YGKN5(GTTA))W0TO}PC.png', '1', '71236', '3e5c183961d74490f5eaa2a101374d3b', '207x181', '2017-07-13 09:07:15'), ('50c196428efe4e758bd411ca63a557bc', null, '2017-7-11/image_png/50c196428efe4e758bd411ca63a557bc.png', 'image/png', '1.png', '1', '59183', '5b203b68c9ba315ecd2940b1dd1345cb', '180x180', '2017-07-11 01:26:46'), ('50c86765dbeb46a3b250246f31b3251a', null, '2017-7-10/image_jpeg/50c86765dbeb46a3b250246f31b3251a.jpeg', 'image/jpeg', '2ff6cc31-1257-4657-93a5-069f3279e186.jpeg', '1', '65481', 'cac09d056d32e0a0dd47a864e43169f7', '1280x1280', '2017-07-10 10:55:18'), ('511d057763e64aa48123bcbca475887a', null, '2017-7-11/image_jpeg/511d057763e64aa48123bcbca475887a.jpg', 'image/jpeg', '微信图片_20170711134342.jpg', '1', '49542', '24d279e56ef270fbf52cbef5976b26cf', '800x800', '2017-07-11 13:45:31'), ('5303ff1d3da64b438b5a469a3a54a07f', null, '2017-6-28/image_jpeg/5303ff1d3da64b438b5a469a3a54a07f.jpg', 'image/jpeg', 'IMG.JPG', '1', '45096', '784e0f5945ffdee330ba745a5d60d0f9', '180x180', '2017-06-28 10:36:04'), ('59e5a989236446d099d0aa8b0e8dec20', null, '2017-6-23/image_jpeg/59e5a989236446d099d0aa8b0e8dec20.jpg', 'image/jpeg', 'IMG.JPG', '1', '3045', 'f0f433ef76595229db4af29260f7e0f1', '58x58', '2017-06-23 15:47:12'), ('5b7fd97db7a24f08a1739cb80ceeaf71', null, '2017-7-13/image_jpeg/5b7fd97db7a24f08a1739cb80ceeaf71.jpg', 'image/jpeg', '79898.jpg', '1', '89264', 'bf8c46823250f89fb21a30f733bcf503', '724x400', '2017-07-13 10:23:52'), ('619c6db8e3dc4efd9f32dfcac7008421', null, '2017-7-12/image_jpeg/619c6db8e3dc4efd9f32dfcac7008421.jpg', 'image/jpeg', '微信图片_20170712150735.jpg', '1', '29887', 'cbc3229c80b72bd2c06f3b7a7976037e', '640x438', '2017-07-12 15:07:39'), ('61ef9c7b6cde4b44bded02ebb8a002f9', null, '2017-7-6/image_png/61ef9c7b6cde4b44bded02ebb8a002f9.png', 'image/png', '切图.png', '1', '306530', '17f528c6fbacfc2996e815450fc7f99e', '750x348', '2017-07-06 15:39:06'), ('63ce1307bcdb4a7fbbca9e1a2ab75349', null, '2017-7-12/image_jpeg/63ce1307bcdb4a7fbbca9e1a2ab75349.jpg', 'image/jpeg', '微信图片_20170712150229.jpg', '1', '18189', '611100b92ade53cc182b027cdcbc02ed', '650x445', '2017-07-12 15:02:35'), ('6c1c36254a844e6eb39ef14a9c923cce', null, '2017-6-30/image_jpeg/6c1c36254a844e6eb39ef14a9c923cce.jpg', 'image/jpeg', 'IMG.JPG', '1', '330312', '6f792a8e744ed4e431ce06f1ad2bb147', '1414x1414', '2017-06-30 13:45:41'), ('77400135fa544b31a9271651c73c687b', null, '2017-6-27/image_jpeg/77400135fa544b31a9271651c73c687b.jpg', 'image/jpeg', 'IMG.JPG', '1', '51173', '70038fab63120a361c993be17b2a916e', '180x180', '2017-06-27 15:21:25'), ('786dfab731e641229d84f18e5173a773', null, '2017-6-28/image_jpeg/786dfab731e641229d84f18e5173a773.jpeg', 'image/jpeg', '99218311-10bd-40c0-a8de-44aa760cee52.jpeg', '1', '38241', '12ad1e513d3dc3d059e1ffc379e0455c', '638x640', '2017-06-28 13:57:43'), ('89908f965b6644129790efc629dba20e', null, '2017-6-29/image_png/89908f965b6644129790efc629dba20e.png', 'image/png', '1.png', '1', '44283', '2479c38cd754806a01004fcf85fa7b67', '150x135', '2017-06-29 17:29:34'), ('8e0f9c14ec3f49f6b7d934bddaabe017', null, '2017-6-23/image_jpeg/8e0f9c14ec3f49f6b7d934bddaabe017.jpg', 'image/jpeg', 'IMG.JPG', '1', '44815', 'becd09b56e9955ae2ad3aaf18a01ee3f', '435x435', '2017-06-23 15:43:36'), ('9407cf67fb0c4b37aa9cb9019f69e21a', null, '2017-7-12/image_jpeg/9407cf67fb0c4b37aa9cb9019f69e21a.jpg', 'image/jpeg', '微信图片_20170712151236.jpg', '1', '127008', 'b3ff9a689c514412b014470dea8c927f', '800x700', '2017-07-12 15:12:43'), ('949b2da0310d419b9307eb8ab4cb3ddd', null, '2017-7-5/image_png/949b2da0310d419b9307eb8ab4cb3ddd.png', 'image/png', 'QQ截图20170616135759.png', '1', '90493', 'a3205b78883e794e4f89b6f7ee8d40af', '522x175', '2017-07-05 14:05:21'), ('96f1fbb917b143bf914c044a21fcb765', null, '2017-7-8/image_png/96f1fbb917b143bf914c044a21fcb765.png', 'image/png', '1.png', '1', '29978', '4864a02ff1b66f64b3cf6ab5f49075de', '132x132', '2017-07-08 10:48:49'), ('9d5816db3f5d47d7bbab741c6a748471', null, '2017-7-12/image_jpeg/9d5816db3f5d47d7bbab741c6a748471.jpg', 'image/jpeg', '微信图片_20170712144930.jpg', '1', '53897', 'a80aa74f95c93db9e763022055d4f617', '960x960', '2017-07-12 14:50:15'), ('9ebb47e3cba940ed9faf02119a2c81c4', null, '2017-6-23/image_jpeg/9ebb47e3cba940ed9faf02119a2c81c4.jpg', 'image/jpeg', 'IMG.JPG', '1', '52191', '1f5bae2ffe096cc7f67cb597fc34524c', '441x340', '2017-06-23 15:47:33'), ('9ed0619d61864051a1a4c6f4d097f3bb', null, '2017-6-28/image_jpeg/9ed0619d61864051a1a4c6f4d097f3bb.jpg', 'image/jpeg', 'IMG.JPG', '1', '30748', '78b2cadf13b9e1689cfff92ea9196298', '275x267', '2017-06-28 14:17:22'), ('9f6a3ebd25494a62898cfb3ebf3a0a16', null, '2017-6-27/image_jpeg/9f6a3ebd25494a62898cfb3ebf3a0a16.jpg', 'image/jpeg', 'IMG.JPG', '1', '50514', '04096c7430633a50fb0038d211cdb4f9', '180x180', '2017-06-27 15:37:54'), ('a18bd479820446b2845480677e3876dd', null, '2017-7-5/image_png/a18bd479820446b2845480677e3876dd.png', 'image/png', '1.png', '1', '22490', 'fe2e888da14123384b1ad0851a63600a', '150x135', '2017-07-05 11:15:47'), ('a5be667ccb1e48cc945c60080a3f316c', null, '2017-7-12/image_png/a5be667ccb1e48cc945c60080a3f316c.png', 'image/png', 'CD32EDA2-EBC7-438F-A3EF-7D94203B61CB.png', '1', '36565', '02da9560dff5ba68b259f237afc052d0', '466x312', '2017-07-12 15:47:09'), ('a983cffcdbd3486986ec99a053d466ec', null, '2017-7-13/image_jpeg/a983cffcdbd3486986ec99a053d466ec.jpg', 'image/jpeg', '45837_20111109131052054100_1.jpg', '1', '106587', 'cce7289cfdb2236827105f7a9838de8f', '600x341', '2017-07-13 10:19:24'), ('ad4c026d91f94faa916efd47a789b77d', null, '2017-6-30/image_png/ad4c026d91f94faa916efd47a789b77d.png', 'image/png', '1.png', '1', '39467', 'fdc20cb58bada1499e75fb4e3b2d4cc5', '150x135', '2017-06-30 09:13:32'), ('b03b28a6ea8843bead82e8a487aa70fc', null, '2017-7-5/image_png/b03b28a6ea8843bead82e8a487aa70fc.png', 'image/png', '1.png', '1', '24333', 'b734745e03e6b52431f256f00167a320', '150x135', '2017-07-05 11:05:29'), ('b2650083c2904131ad0bf75ae4924c0e', null, '2017-7-12/image_jpeg/b2650083c2904131ad0bf75ae4924c0e.jpg', 'image/jpeg', '微信图片_20170712142433.jpg', '1', '52233', 'd5b7f9591724e55bf3676b812afdc701', '960x960', '2017-07-12 14:24:47'), ('bc27bd02679c4dc788e1255b12d39f2e', null, '2017-7-11/image_jpeg/bc27bd02679c4dc788e1255b12d39f2e.jpg', 'image/jpeg', 'IMG.JPG', '1', '591255', '2d462eb89e9a10f02339289fddc1e7da', '1680x2448', '2017-07-11 13:29:00'), ('bc786188a0b9485cb2fcfd4b98e93198', null, '2017-7-5/image_png/bc786188a0b9485cb2fcfd4b98e93198.png', 'image/png', '1.png', '1', '39258', '2cbf4e36bc183bbc438ddc350f390757', '150x135', '2017-07-05 11:04:52'), ('bea635be13b646bb8a5f64c752786b73', null, '2017-7-13/image_jpeg/bea635be13b646bb8a5f64c752786b73.jpg', 'image/jpeg', '19205738_980x1200_0.jpg', '1', '70690', 'f9484be6f8cf55f9871dddc835524696', '640x927', '2017-07-13 09:52:48'), ('c291af85ced7449fa9ca9da88a0027b1', null, '2017-6-29/image_png/c291af85ced7449fa9ca9da88a0027b1.png', 'image/png', '1.png', '1', '34514', 'd57ce29ff8056bf0db67edc79609c3c4', '150x135', '2017-06-29 17:09:18'), ('c7f0ddb804e945108d34843be9fc76fb', null, '2017-7-7/image_png/c7f0ddb804e945108d34843be9fc76fb.png', 'image/png', '1(1).png', '1', '285131', 'aa6e03220c3b8a46e1a7134f7b8cf1a6', '750x353', '2017-07-07 16:28:36'), ('cab07597e02d4084b9585eed6175a798', null, '2017-7-5/image_png/cab07597e02d4084b9585eed6175a798.png', 'image/png', '1.png', '1', '32089', '5490203bebab01f737b8ea7eef4a87e9', '150x135', '2017-07-05 11:00:17'), ('d383f6890163428f8d2717bdb0bcba15', null, '2017-7-7/image_png/d383f6890163428f8d2717bdb0bcba15.png', 'image/png', '2.png', '1', '49367', 'eef0466d6020388991e840b4945df512', '750x195', '2017-07-07 16:28:15'), ('d73f3e3876bb4ba1a83452587baa966b', null, '2017-7-13/image_jpeg/d73f3e3876bb4ba1a83452587baa966b.jpg', 'image/jpeg', '3333222.jpg', '1', '53115', 'a1423ae9bbe108dbfcc14361c3e01235', '700x481', '2017-07-13 10:14:20'), ('dc8e040da95d42a98fc1d7250f02be38', null, '2017-6-30/image_png/dc8e040da95d42a98fc1d7250f02be38.png', 'image/png', '1.png', '1', '45828', 'c4eb582e39d6a084fea7080389be6769', '150x135', '2017-06-30 09:13:44'), ('de06ea726bc54aa6b5caade1a9e142b6', null, '2017-7-13/image_jpeg/de06ea726bc54aa6b5caade1a9e142b6.jpg', 'image/jpeg', '94de80a85ea9187a84bf54.jpg', '1', '532302', 'e9f4bfbd85b55d49b56a49139d5ff30c', '900x599', '2017-07-13 10:03:23'), ('e0080b1908db4b56a5861869bc8f56a3', null, '2017-7-5/image_png/e0080b1908db4b56a5861869bc8f56a3.png', 'image/png', '1.png', '1', '28115', 'f931c03d6ab11ed11fc7fa5f022a8529', '150x135', '2017-07-05 11:05:14'), ('e314602d49d94b468ce7907fa59dcbe1', null, '2017-6-26/image_jpeg/e314602d49d94b468ce7907fa59dcbe1.jpg', 'image/jpeg', 'IMG.JPG', '1', '83937', 'bb1f00a0b10db80eb9f3405380ee1e80', '480x800', '2017-06-26 14:54:01'), ('e708d81a16fe4b519a2560726189b3d6', null, '2017-6-30/image_png/e708d81a16fe4b519a2560726189b3d6.png', 'image/png', '1.png', '1', '40737', '7100e10653378d0d2cf3ebebfce2b23d', '150x135', '2017-06-30 09:14:12'), ('e7bc2b72036a490e98e62527d96313fe', null, '2017-6-28/image_jpeg/e7bc2b72036a490e98e62527d96313fe.jpg', 'image/jpeg', 'IMG.JPG', '1', '57956', '55a5719f0f031c6738b1e4ffb64e4c7d', '180x180', '2017-06-28 10:37:50'), ('ebdb94e12db44a37bc6ed5a1ea4fd082', null, '2017-7-5/image_png/ebdb94e12db44a37bc6ed5a1ea4fd082.png', 'image/png', '1.png', '1', '38160', 'ef7f21ef55c59c20678099c4c0d05c7a', '150x135', '2017-07-05 10:59:59'), ('edd837ee00674085ac31cc7a9ce85be3', null, '2017-6-27/image_jpeg/edd837ee00674085ac31cc7a9ce85be3.jpg', 'image/jpeg', 'IMG.JPG', '1', '45580', '872f02c14a0e30497ed11eaab6f7b3bd', '180x180', '2017-06-27 15:53:11'), ('ef20914176204c1ab377dc558a8f878a', null, '2017-7-11/image_jpeg/ef20914176204c1ab377dc558a8f878a.jpg', 'image/jpeg', '微信图片_20170711134331.jpg', '1', '131534', '016c0fd9496e1479c86c18cbd725772a', '960x960', '2017-07-11 13:45:36'), ('f6bce4d37fd74b2ba7e9e67256adc72c', null, '2017-6-30/image_png/f6bce4d37fd74b2ba7e9e67256adc72c.png', 'image/png', '1.png', '1', '37776', '8d4fbf4579a7a5a0bbf5d5e8d6b67a61', '150x135', '2017-06-30 09:14:41'), ('f745568535554b0d8e7a3de0d0d290d9', null, '2017-7-5/image_png/f745568535554b0d8e7a3de0d0d290d9.png', 'image/png', '1.png', '1', '35643', '61c19f2c20ee3f5f67d1d4eb9c13aee1', '150x135', '2017-07-05 11:15:58'), ('f7b0fccb846f4e81ad3c9a1337b4b210', null, '2017-6-23/image_jpeg/f7b0fccb846f4e81ad3c9a1337b4b210.jpg', 'image/jpeg', 'IMG.JPG', '1', '49697', '68d16a06658819a1b6fbab913101cf51', '435x435', '2017-06-23 15:45:47'), ('f92282fade4d4dad833311929907898b', null, '2017-7-7/image_png/f92282fade4d4dad833311929907898b.png', 'image/png', '1.png', '1', '33784', 'b2cc2caa58cc5ad92037e9a196b3d532', '180x180', '2017-07-07 16:07:25'), ('fb65e3b0579d4cf5a4c45e1b635e9b00', null, '2017-7-13/image_jpeg/fb65e3b0579d4cf5a4c45e1b635e9b00.jpg', 'image/jpeg', '6215159_131531348000_2.jpg', '1', '523391', '100de880c1913e7ce7fa0fe01e0346ea', '1024x576', '2017-07-13 10:19:06');
COMMIT;

-- ----------------------------
--  Table structure for `b_focus`
-- ----------------------------
DROP TABLE IF EXISTS `b_focus`;
CREATE TABLE `b_focus` (
  `id` varchar(50) NOT NULL COMMENT 'id',
  `area_code` varchar(10) DEFAULT '0' COMMENT '城市编号',
  `img` varchar(50) NOT NULL COMMENT '图',
  `location` int(11) NOT NULL COMMENT '1:APP首页焦点图\r\n2:帖子3：发现4：新闻 5：网站新闻焦点图6:网站首页焦点图7：网站新车团购贴图8：网站二手车贴图',
  `restraint` varchar(50) DEFAULT NULL COMMENT '约束条件(如地区编号,商家id等)',
  `redirect_type` int(11) NOT NULL COMMENT '0:不跳转 1:url 2:webview 3:车型 4:品牌',
  `redirect_content` varchar(200) DEFAULT NULL COMMENT '跳转内容 id,url等',
  `content` text,
  `sort_order` int(11) NOT NULL COMMENT '排序(倒序)',
  `remark` varchar(100) NOT NULL COMMENT '备注',
  `create_time` datetime NOT NULL COMMENT '创建时间',
  PRIMARY KEY (`id`)
) ENGINE=InnoDB DEFAULT CHARSET=utf8 COMMENT='焦点图表';

-- ----------------------------
--  Records of `b_focus`
-- ----------------------------
BEGIN;
INSERT INTO `b_focus` VALUES ('044047ce06c24544bfcf31ed76fefb75', '100', '9476335ddf2c4c7eb7db56c206812fa5', '2', null, '4', '002', null, '90', '发现-焦点图', '2016-12-09 11:06:28'), ('1', '0', '9476335ddf2c4c7eb7db56c206812fa5', '5', null, '4', '001', null, '80', '网页新闻焦点图', '2016-12-22 14:33:04'), ('2', '0', '67bf5eb8e0344034b0b8002d95725ff0', '7', null, '1', 'http://www.baidu.com', null, '90', '网站-新车团购', '2016-12-28 17:32:41'), ('3', '0', 'f63f4a14bca643789b4228abcbfc217b', '8', null, '0', null, null, '80', '网站-二手车', '2016-12-28 17:34:32'), ('4', '0', '2e961b6fd2294b48bee70be340b2d14a', '6', null, '0', null, null, '90', '网站-首页焦点图', '2016-12-28 17:36:58'), ('5', '0', '2e961b6fd2294b48bee70be340b2d14a', '6', null, '1', 'http://www.baidu.com', null, '80', '123', '2016-12-28 17:38:16'), ('8da2fbcebc074a76a59355da44d15b74', '0', '59325a2cb5874924b7188845592e13a1', '2', null, '0', '', null, '99', '发现焦点图', '2016-12-07 09:32:31'), ('b297a5d6d0e54f889379daf9f75e3cd8', '0', '9476335ddf2c4c7eb7db56c206812fa5', '2', null, '4', '001', null, '90', '123', '2016-12-07 09:33:56'), ('d7690c1dcf2342bb9f558a9e78a7c682', '0', '98e4ef45b2f34fcfa9acdfdb42d0c53e', '1', null, '0', '', null, '99', '123', '2016-12-06 18:58:29'), ('de1ea473cf8f42c1b69a7be04e371025', '100', '880730d90f30402f8297e120f9de1cde', '1', null, '0', '', null, '99', '常州-不跳转', '2016-12-09 11:03:17'), ('eaab4a7614b54e83b9f5fddcd4420bab', '0', '59325a2cb5874924b7188845592e13a1', '1', null, '4', '001', null, '98', '大众', '2016-12-02 14:57:19');
COMMIT;

-- ----------------------------
--  Table structure for `b_mobile_verify`
-- ----------------------------
DROP TABLE IF EXISTS `b_mobile_verify`;
CREATE TABLE `b_mobile_verify` (
  `device_id` varchar(100) NOT NULL COMMENT '设备ID',
  `user_id` varchar(50) NOT NULL COMMENT '用户ID',
  `verify` varchar(50) NOT NULL COMMENT '校验字符串',
  `cid` varchar(50) DEFAULT NULL COMMENT '个推cid',
  `device_badge` int(11) NOT NULL DEFAULT '0' COMMENT '消息个数',
  `device_type` varchar(10) DEFAULT NULL COMMENT '设备类型 android/ios',
  `create_time` datetime NOT NULL COMMENT '创建时间'
) ENGINE=InnoDB DEFAULT CHARSET=utf8 COMMENT='登陆验证表';

-- ----------------------------
--  Records of `b_mobile_verify`
-- ----------------------------
BEGIN;
INSERT INTO `b_mobile_verify` VALUES ('2', '12354344', '16a7e30b-d497-4b68-acbf-c927f97842b3', null, '0', 'ios', '2017-06-07 17:19:53'), ('7103AD6F-9D97-4F3B-A6D4-F13DB0AED975', '12125645', '3b676d96-b138-4a71-8000-54060aa1b9c7', null, '0', 'ios', '2017-06-21 08:43:53'), ('B10EE474-16E6-4D99-B10E-5D8F15F6B597', '20317161', '8cf9d708-0fcd-4b7a-bc55-851f07561553', null, '0', 'ios', '2017-06-22 10:50:30'), ('dc475434-565c-3b25-a740-a83ea61c179e', '93407788', 'b8bc5c92-84e8-4287-ab3f-bf3fd1a6bd07', null, '0', 'android', '2017-06-22 17:17:23'), ('2608584C-F655-4C5F-902C-94F1C1BDA955', '20317161', 'fd774e7e-e44a-4ee7-a194-8a06fb2f2ee2', null, '0', 'ios', '2017-06-23 15:43:54'), ('1', '20317161', '1', '1', '0', 'ios', '2017-06-26 13:29:39'), ('1027C924-418B-4ECA-BC7D-2A1E7AEF8463', '76127849', '9c7a584f-4ac9-4e45-aba2-6ace7b1f8175', null, '0', 'ios', '2017-06-27 08:45:20'), ('635438D1-46EE-4A21-8879-53BDF93C9261', '20317161', '6a2a2357-0d70-4c65-992e-84deed3f04f0', null, '0', 'ios', '2017-06-27 09:15:34'), ('57D90814-1F7C-4F74-8BEC-66C9800E7CEE', '20317161', '5dadbb6b-69ed-4c97-a4dc-068c373ff5b6', null, '0', 'ios', '2017-06-27 11:40:17'), ('EED89531-6CB3-45B3-91D5-54277BCB0F54', '20317161', '0bb23906-5510-432d-9e70-3f19db57c288', null, '0', 'ios', '2017-06-28 08:38:15'), ('984A07AB-6B37-4046-9C08-39F3CC0D2850', '41004ab883b940bb94b5706b740e9efa', '2407599a-9fdc-46c6-af6e-c4d9402c0eca', null, '0', 'ios', '2017-07-06 15:43:11'), ('687DD8AA-B31C-430F-83AB-180FCC7FCC20', '76127849', '4902d099-86fe-4b99-9503-4000e973a0b0', null, '0', 'ios', '2017-07-07 16:41:25'), ('9F31B5F8-FC3C-4BF6-A503-6FFF335DD531', '12008059', '31bcce7e-c05a-4025-9458-6264bd41b269', null, '0', 'ios', '2017-07-10 10:55:18'), ('42370507-A9E4-4904-9097-FA52162AD3CF', '67421258', 'e3d9226b-0941-4f3c-b4c9-69b67f7b227a', null, '0', 'ios', '2017-07-12 16:17:44'), ('B967CA72-698E-4002-9857-20143B0D9EA8', '76127849', '5bab24a6-a22e-4077-873d-7788bf390a62', null, '0', 'ios', '2017-07-13 08:52:11'), ('19A1E2B0-A332-4006-885A-035A3E32B6DD', '76127849', 'cbb29787-6c3e-45e9-8da5-13082773768c', null, '0', 'ios', '2017-07-13 09:59:41');
COMMIT;

-- ----------------------------
--  Table structure for `b_provinces`
-- ----------------------------
DROP TABLE IF EXISTS `b_provinces`;
CREATE TABLE `b_provinces` (
  `id` int(11) NOT NULL AUTO_INCREMENT,
  `province_code` varchar(20) NOT NULL,
  `province` varchar(50) NOT NULL,
  PRIMARY KEY (`id`)
) ENGINE=MyISAM AUTO_INCREMENT=35 DEFAULT CHARSET=utf8 COMMENT='省份信息表';

-- ----------------------------
--  Records of `b_provinces`
-- ----------------------------
BEGIN;
INSERT INTO `b_provinces` VALUES ('1', '110000', '北京市'), ('2', '120000', '天津市'), ('3', '130000', '河北省'), ('4', '140000', '山西省'), ('5', '150000', '内蒙古自治区'), ('6', '210000', '辽宁省'), ('7', '220000', '吉林省'), ('8', '230000', '黑龙江省'), ('9', '310000', '上海市'), ('10', '320000', '江苏省'), ('11', '330000', '浙江省'), ('12', '340000', '安徽省'), ('13', '350000', '福建省'), ('14', '360000', '江西省'), ('15', '370000', '山东省'), ('16', '410000', '河南省'), ('17', '420000', '湖北省'), ('18', '430000', '湖南省'), ('19', '440000', '广东省'), ('20', '450000', '广西壮族自治区'), ('21', '460000', '海南省'), ('22', '500000', '重庆市'), ('23', '510000', '四川省'), ('24', '520000', '贵州省'), ('25', '530000', '云南省'), ('26', '540000', '西藏自治区'), ('27', '610000', '陕西省'), ('28', '620000', '甘肃省'), ('29', '630000', '青海省'), ('30', '640000', '宁夏回族自治区'), ('31', '650000', '新疆维吾尔自治区'), ('32', '710000', '台湾省'), ('33', '810000', '香港特别行政区'), ('34', '820000', '澳门特别行政区');
COMMIT;

-- ----------------------------
--  Table structure for `b_sign`
-- ----------------------------
DROP TABLE IF EXISTS `b_sign`;
CREATE TABLE `b_sign` (
  `id` varchar(50) NOT NULL,
  PRIMARY KEY (`id`)
) ENGINE=InnoDB DEFAULT CHARSET=utf8;

-- ----------------------------
--  Table structure for `b_single_page`
-- ----------------------------
DROP TABLE IF EXISTS `b_single_page`;
CREATE TABLE `b_single_page` (
  `code` varchar(50) NOT NULL COMMENT '编号',
  `content` text COMMENT '值',
  `remark` varchar(50) DEFAULT NULL COMMENT '备注',
  PRIMARY KEY (`code`)
) ENGINE=InnoDB DEFAULT CHARSET=utf8 COMMENT='单页内容表';

-- ----------------------------
--  Records of `b_single_page`
-- ----------------------------
BEGIN;
INSERT INTO `b_single_page` VALUES ('about', '<h2 style=\"text-align:center;font-size:30px;font-weight:normal;color:#666666;font-family:\'Microsoft Yahei\', Arial;background-color:#FFFFFF;\">\n	关于我们\n</h2>\n<p style=\"color:#666666;font-size:14px;font-family:\'Microsoft Yahei\', Arial;background-color:#FFFFFF;\">\n	<span style=\"line-height:28px;font-family:宋体, Arial, Helvetica, sans-serif;\">&nbsp;&nbsp;&nbsp;&nbsp;&nbsp; 优度，致力于CMS和APP定制的专业化厂商，前身图腾信息成立于2005年。公司下辖一家控股公司和5家直营分公司，是国内较早一批涉足移动互联网业务的资深企业。</span> \n</p>\n<p style=\"color:#666666;font-size:14px;font-family:\'Microsoft Yahei\', Arial;background-color:#FFFFFF;\">\n	<span style=\"line-height:28px;font-family:宋体, Arial, Helvetica, sans-serif;\"></span>&nbsp;\n</p>\n<p style=\"color:#666666;font-size:14px;font-family:\'Microsoft Yahei\', Arial;background-color:#FFFFFF;\">\n	<span style=\"line-height:28px;font-family:宋体, Arial, Helvetica, sans-serif;\"><span>&nbsp;&nbsp;&nbsp;&nbsp;&nbsp;&nbsp;</span>优度的UMS创造性地将原生APP、PC互联网、微营销等社会化媒体为代表的三大互联网主流应用实现“三网合一”，通过App的商业运用，借助苹果IOS及安卓Android系统庞大数据流，进驻国内主流电子下载市场，实现移动互联网全网覆盖。同时融合优斗士CMS和微营销等社会化媒体应用。创新并非简单的叠加，优斗士UMS实现了统一的后台管理和便捷的操作,真正做到三网合一，以价格和产品生态的优势引导中小企业移动互联网的应用！</span> \n</p>\n<p style=\"color:#666666;font-size:14px;font-family:\'Microsoft Yahei\', Arial;background-color:#FFFFFF;\">\n	<span style=\"line-height:28px;font-family:宋体, Arial, Helvetica, sans-serif;\"></span>&nbsp;\n</p>\n<p style=\"color:#666666;font-size:14px;font-family:\'Microsoft Yahei\', Arial;background-color:#FFFFFF;\">\n	<span style=\"line-height:28px;font-family:宋体, Arial, Helvetica, sans-serif;\"><span>&nbsp;&nbsp;&nbsp;&nbsp;&nbsp;&nbsp;</span>优斗士CMS是集互联网和移动互联网商务应用的一站式网络营销系统，整合了PC端传统的建站、搜索排名、B2B推广、微博营销等诸多功能，并实现PC建站和移动互联网HTML5站点完美结合、手机排名和微营销等电子商务应用。优斗士卫士实现客户一键式桌面系统管理，直观查看网站维护情况和排名查询、询盘查询以及流量监控等功能。为客户网络营销提供全程监管，捍卫客户网络利益。<br />\n&nbsp;&nbsp;&nbsp;&nbsp;<br />\n<span>&nbsp;&nbsp;&nbsp;&nbsp;&nbsp;&nbsp;</span>今天的优度充满朝气，秉承“联通信息桥梁，融通天下商机”的责任理念，努力创新，坚实发展。跟随移动互联网高速发展，我们从2011年持续对移动互联网的研发投入，努力使优度跻身于国内APP知名厂商行列。“移动让商业更简单！”我们力求在浩瀚的互联网世界为客户创造快捷简单的移动商务应用。“简单实用”是我们不变的研发方向，优度永远走务实坦诚的发展之路，以促进互联网商业文明为己任，迈向更远的目标！</span> \n</p>', '关于我们'), ('advice', '网站-客服服务-意见建议', '网站-客服服务-意见建议'), ('b_cjwt', '网站-购物指南-常见问题', '网站-购物指南-常见问题'), ('b_fpsm', '网站-支付方式-发票说明', '网站-支付方式-发票说明'), ('b_fwxy', '网站-购物指南-服务协议', '网站-购物指南-服务协议'), ('b_gwlc', '网站-购物指南-购物流程', '网站-购物指南-购物流程'), ('b_hdfk', '网站-支付方式-货到付款', '网站-支付方式-货到付款'), ('b_jfsm', '网站-购物指南-积分说明', '网站-购物指南-积分说明'), ('b_kxyh', '网站-配送服务-开箱验货', '网站-配送服务-开箱验货'), ('b_lxwm', '网站-商家服务-联系我们', '网站-商家服务-联系我们'), ('b_mfzc', '网站-购物指南-免费注册', '网站-购物指南-免费注册'), ('b_psfw', '网站-配送服务-配送范围', '网站-配送服务-配送范围'), ('b_pszc', '网站-配送服务-配送政策', '网站-配送服务-配送政策'), ('b_qhpf', '网站-服务保障-缺货赔付', '网站-服务保障-缺货赔付'), ('b_shgz', '网站-服务保障-售后规则', '网站-服务保障-售后规则'), ('b_sjrz', '网站-商家服务-商家入驻', '网站-商家服务-商家入驻'), ('b_sjzx', '网站-商家服务-商家中心', '网站-商家服务-商家中心'), ('b_spthhzc', '网站-售货服务-商品退换货政策', '网站-售货服务-商品退换货政策'), ('b_thhlc', '网站-售后服务-退换货流程', '网站-售后服务-退换货流程'), ('b_tksm', '网站-服务保障-退款说明', '网站-服务保障-退款说明'), ('b_wlfw', '网站-商家服务-物流服务', '网站-商家服务-物流服务'), ('b_yhqsm', '网站-购物指南-优惠券说明', '网站-购物指南-优惠券说明'), ('b_yhzcxy', '网站-客服服务-用户注册协议', '网站-客服服务-用户注册协议'), ('b_ystk', '网站-售后服务-隐私条款', '网站-售后服务-隐私条款'), ('b_yyfw', '网站-商家服务-运营服务', '网站-商家服务-运营服务'), ('b_zfcjwt', '网站-支付方式-支付常见问题', '网站-支付方式-支付常见问题'), ('b_zxzf', '网站-支付方式-在线支付', '网站-支付方式-在线支付'), ('creditInfo', '一、积分获得\n<p>\n	<strong>购买自营商品</strong> \n</p>\n<p class=\"txt_indent\" style=\"text-indent:2em;\">\n	1．仅限购买1号店自营的商品才能获得积分。\n</p>\n<p class=\"txt_indent\" style=\"text-indent:2em;\">\n	2．积分以提交订单时获得的积分为准，实际支付2元获得1个积分，计算取整舍去小数，单件商品最高可获得300积分。\n</p>\n<p class=\"txt_indent\" style=\"text-indent:2em;\">\n	3．客户购物且订单生成后，积分将自动打入客户的积分帐户，状态为冻结，此时积分不可用。当客户此次购物为有效购物后，积分变为完成状态，便可以使用。\n</p>\n<p>\n	（注：礼品卡作为1号店特殊商品不设置购买积分，即购买礼品卡时不奖励任何积分，但使用礼品卡购买其他1号店商品时可以获得相应的购物积分。）\n</p>\n<p>\n	<strong>评论商品（包含自营和商城）<br />\n</strong> \n</p>\n<p>\n	<b>基本积分：</b> \n</p>\n<p class=\"txt_indent\" style=\"text-indent:2em;\">\n	1．您购物成功后可以对所购的商品进行评论，单个订单中的商品可在下单24小时后评论（有效期59天），且只能参与一次评论；每条评论展示后可获得相应积分：\n</p>\n<p class=\"txt_indent\" style=\"text-indent:2em;\">\n	2．微信评论—打开1号店服务号，点击键盘输入“评论”字样可获得提示；\n</p>\n<p class=\"mt\">\n	<b>积分奖励：</b> \n</p>\n<p class=\"txt_indent\" style=\"text-indent:2em;\">\n	1. APP、微信评论可获得双倍积分；（不可与如下奖励累计获得）\n</p>\n<p class=\"txt_indent\" style=\"text-indent:2em;\">\n	2. 自营商品的优质评论将有机会被加精、置顶展示，并可最多获得积分50分额外奖励；\n</p>\n<p class=\"txt_indent\" style=\"text-indent:2em;\">\n	3. 自营食品、百货类的部分商品，页面前30条被展示的评论，将额外获得15倍积分；（可与置顶奖励累计获得）\n</p>\n<p class=\"txt_indent\" style=\"text-indent:2em;\">\n	4. 自营家电或3C类商品，页面前5条被展示的评论，将额外获得10积分；（可与置顶奖励累计获得）\n</p>\n<p class=\"txt_indent\" style=\"text-indent:2em;\">\n	5. 自营和商城的商品，发表晒照片的评论被展示后将额外获得10积分；\n</p>\n<p class=\"txt_indent\" style=\"text-indent:2em;\">\n	6. 商城每个商品前5条被展示的评论，将额外获得10积分；\n</p>', '积分兑换说明'), ('help', '<p style=\"text-indent:2em;background:white;\">\n	<span><span style=\"font-size:14px;\">大家好，下面是大家经常遇到的问题汇总，看看能不能帮到您：</span><br />\n<span style=\"font-size:14px;\"></span><br />\n<strong><span style=\"font-size:14px;\">问题1：如何注册登录？</span></strong><br />\n<span style=\"font-size:14px;\"></span><br />\n<span style=\"font-size:14px;\"> &nbsp;点击首页右下角“我的”，再点击“头像”图标，谈后点击右上角的“注册”按钮，输入有效手机号，通过“获取验证码”，进收到的验证</span><span style=\"font-size:14px;\"></span><span style=\"font-size:14px;\">码填入。自行设置密码，邀请码选填。点击下方的“注册”完成注册。<br />\n<br />\n<strong>问题2：如何修改密码？<br />\n<br />\n&nbsp;</strong>点击首页有效较“我的”，再点击“修改密码”功能。直接输入需要设置的新密码即可。<br />\n<br />\n<strong>问题3：如何修改个人信息？<br />\n<br />\n&nbsp;</strong>点击首页右下角“我的”，再点击“头像”图标，即可修改头像、昵称、性别、收货地址和修改密码。<br />\n<br />\n<strong>问题4：如何购买商品？<br />\n</strong></span></span><br />\n<span style=\"font-size:14px;\"> &nbsp; &nbsp; 登录后，在首页您可以点击“附近商家”、“推荐店铺”、“自营店铺”查看商铺里的商品；或者点击底部导航“分类”查找<br />\n商品，也可以点击首页顶部搜索到您想购买的商品。通过“立即购买”按钮或“加入购物车”，到购物车进行结算。<br />\n<br />\n<strong>问题5：如何支付？<br />\n<br />\n&nbsp;</strong></span> &nbsp; &nbsp;<span style=\"font-size:14px;\"> 本APP支持的支付方式有4种：支付宝支付、微信支付、银联支付、货到付款。</span><br />\n<span style=\"font-size:14px;\"></span><br />\n<span style=\"font-size:14px;\"><strong><span style=\"font-size:14px;\">问题6：如何查看已购买商品？</span><br />\n<span style=\"font-size:14px;\"></span></strong></span><span style=\"font-size:14px;\"></span><br />\n<span style=\"font-size:14px;\"> &nbsp; &nbsp; &nbsp;点击首页右下角\"我的”，再点击“我的订单”或“我的外卖”。即可查看全部、待付款、待发货、待收货、待评价和退款订单。<br />\n<br />\n<strong>问题7：现金券如何领取或者使用？</strong><br />\n<br />\n&nbsp; &nbsp; 本平台推出的现金券让利用户、推出新用户注册即可领取现金券活动。新用户注册登录后，可在首页的“领取优惠券”中免费获得全场通用现金券，可以在购物结算的在线支付方式时参与试用。提交订单后，“支付”界面，勾选“试用现金券”。（tips：现金券是一次性消费品，不找零，购买大于现金券金额的订单才划算哦~~）<br />\n<br />\n<strong>问题8：如何退款？<br />\n</strong></span><span style=\"font-size:14px;line-height:21px;\"><b>&nbsp;<br />\n<span style=\"font-size:14px;\"> &nbsp; &nbsp; &nbsp;</span></b></span><span style=\"line-height:1.5;font-size:14px;\"> “退款”需要是已付款但未确认收货的订单。点击“我的”——“我的订单”——“待收货”——选择订单，点击申请退款按钮。填写退款原因。客服确认后，将在线下和您沟通退款问题。<br />\n<br />\n<strong>问题9：积分有什么作用？<br />\n<br />\n</strong></span> &nbsp; <span style=\"font-size:14px;\">积分是本APP回馈用户的福利！使用积分，您可以在“积分商城”兑换商品；在“抽奖专区”进行抽奖，同时累计积分还能提高您账号的VIP等级。可在“VIP”专区中购买特价商品，等级越高，专区里的商品优惠力度越大。<br />\n<br />\n<strong>问题10：积分如何获得？<br />\n</strong></span>&nbsp;<br />\n&nbsp; &nbsp;<span style=\"font-size:14px;\">1、每日签到获得积分<br />\n&nbsp; &nbsp;2、通过自己的推广号，每日邀请1人成功注册，可获得积分。<br />\n&nbsp; &nbsp;3、每日浏览商品详情，可获得积分<br />\n&nbsp; &nbsp;4、购买商品确认收货后能获得积分<br />\n&nbsp; &nbsp;5、积分以提交订单时获得的积分为准，消费1元获得1积分，实际支付1元获得1积分，计算取整去掉小数。<br />\n&nbsp; &nbsp;6、客户购物且订单生成后，积分将自动写入客户的积分账号。随时方便使用，参与抽奖，积分兑换等。<br />\n<br />\n<strong> &nbsp; 以上的问题如未能帮助到您，欢迎您致电我们。由我们的专业客服为您解答。欢迎您的来电！</strong><br />\n</span>\n</p>', '帮助中心'), ('helper', '<p style=\"text-indent:2em;background:white;\">\n	<span><span style=\"font-size:14px;\">大家好，下面是大家经常遇到的问题汇总，看看能不能帮到您：</span><br />\n<span style=\"font-size:14px;\"></span><br />\n<strong><span style=\"font-size:14px;\">问题1：如何注册登录？</span></strong><br />\n<span style=\"font-size:14px;\"></span><br />\n<span style=\"font-size:14px;\"> &nbsp;点击首页右下角“我的”，再点击“头像”图标，谈后点击右上角的“注册”按钮，输入有效手机号，通过“获取验证码”，进收到的验证</span><span style=\"font-size:14px;\"></span><span style=\"font-size:14px;\">码填入。自行设置密码，邀请码选填。点击下方的“注册”完成注册。<br />\n<br />\n<strong>问题2：如何修改密码？<br />\n<br />\n&nbsp;</strong>点击首页有效较“我的”，再点击“修改密码”功能。直接输入需要设置的新密码即可。<br />\n<br />\n<strong>问题3：如何修改个人信息？<br />\n<br />\n&nbsp;</strong>点击首页右下角“我的”，再点击“头像”图标，即可修改头像、昵称、性别、收货地址和修改密码。<br />\n<br />\n<strong>问题4：如何购买商品？<br />\n</strong></span></span><br />\n<span style=\"font-size:14px;\"> &nbsp; &nbsp; 登录后，在首页您可以点击“附近商家”、“推荐店铺”、“自营店铺”查看商铺里的商品；或者点击底部导航“分类”查找<br />\n商品，也可以点击首页顶部搜索到您想购买的商品。通过“立即购买”按钮或“加入购物车”，到购物车进行结算。<br />\n<br />\n<strong>问题5：如何支付？<br />\n<br />\n&nbsp;</strong></span> &nbsp; &nbsp;<span style=\"font-size:14px;\"> 本APP支持的支付方式有4种：支付宝支付、微信支付、银联支付、货到付款。</span><br />\n<span style=\"font-size:14px;\"></span><br />\n<span style=\"font-size:14px;\"><strong><span style=\"font-size:14px;\">问题6：如何查看已购买商品？</span><br />\n<span style=\"font-size:14px;\"></span></strong></span><span style=\"font-size:14px;\"></span><br />\n<span style=\"font-size:14px;\"> &nbsp; &nbsp; &nbsp;点击首页右下角\"我的”，再点击“我的订单”或“我的外卖”。即可查看全部、待付款、待发货、待收货、待评价和退款订单。<br />\n<br />\n<strong>问题7：现金券如何领取或者使用？</strong><br />\n<br />\n&nbsp; &nbsp; 本平台推出的现金券让利用户、推出新用户注册即可领取现金券活动。新用户注册登录后，可在首页的“领取优惠券”中免费获得全场通用现金券，可以在购物结算的在线支付方式时参与试用。提交订单后，“支付”界面，勾选“试用现金券”。（tips：现金券是一次性消费品，不找零，购买大于现金券金额的订单才划算哦~~）<br />\n<br />\n<strong>问题8：如何退款？<br />\n</strong></span><span style=\"font-size:14px;line-height:21px;\"><b>&nbsp;<br />\n<span style=\"font-size:14px;\"> &nbsp; &nbsp; &nbsp;</span></b></span><span style=\"line-height:1.5;font-size:14px;\"> “退款”需要是已付款但未确认收货的订单。点击“我的”——“我的订单”——“待收货”——选择订单，点击申请退款按钮。填写退款原因。客服确认后，将在线下和您沟通退款问题。<br />\n<br />\n<strong>问题9：积分有什么作用？<br />\n<br />\n</strong></span> &nbsp; <span style=\"font-size:14px;\">积分是本APP回馈用户的福利！使用积分，您可以在“积分商城”兑换商品；在“抽奖专区”进行抽奖，同时累计积分还能提高您账号的VIP等级。可在“VIP”专区中购买特价商品，等级越高，专区里的商品优惠力度越大。<br />\n<br />\n<strong>问题10：积分如何获得？<br />\n</strong></span>&nbsp;<br />\n&nbsp; &nbsp;<span style=\"font-size:14px;\">1、每日签到获得积分<br />\n&nbsp; &nbsp;2、通过自己的推广号，每日邀请1人成功注册，可获得积分。<br />\n&nbsp; &nbsp;3、每日浏览商品详情，可获得积分<br />\n&nbsp; &nbsp;4、购买商品确认收货后能获得积分<br />\n&nbsp; &nbsp;5、积分以提交订单时获得的积分为准，消费1元获得1积分，实际支付1元获得1积分，计算取整去掉小数。<br />\n&nbsp; &nbsp;6、客户购物且订单生成后，积分将自动写入客户的积分账号。随时方便使用，参与抽奖，积分兑换等。<br />\n<br />\n<strong> &nbsp; 以上的问题如未能帮助到您，欢迎您致电我们。由我们的专业客服为您解答。欢迎您的来电！</strong><br />\n</span>\n</p>', '网站-客服服务-帮助中心'), ('mailPort', '<div style=\"text-align:center;\">\n	<span style=\"line-height:1.5;\"><span style=\"font-size:16px;\"></span><span style=\"font-size:16px;\">&nbsp;售后服务&nbsp;<br />\n</span></span>\n</div>\n&nbsp; &nbsp; &nbsp; &nbsp; <span style=\"font-size:16px;\">提醒您：在使用淘宝平台各项服务前，请您务必仔细阅读并透彻理解本声明。您可以选择不适用淘宝平台服务，但如果您使用</span><br />\n<span style=\"font-size:16px;\">&nbsp; &nbsp; &nbsp; 淘宝平台服务的，您的使用行为将被视为本声明全部内容的认可。”淘宝平台“指浙江淘宝网络有限公司（简称”淘宝“）运营的网络交易，域名为taobao.com以及淘宝启用的其他域名&nbsp;</span><br />\n<span style=\"font-size:16px;\">&nbsp; &nbsp; &nbsp; &nbsp;&nbsp;淘宝提醒您：在使用淘宝平台各项服务前，请您务必仔细阅读并透彻理解本声明。您可以选择不适用淘宝平台服务，但如果您使用</span><br />\n<span style=\"font-size:16px;\">&nbsp; &nbsp; &nbsp; &nbsp;淘宝平台服务的，您的使用行为将被视为本声明全部内容的认可。”淘宝平台“指浙江淘宝网络有限公司（简称”淘宝“）运营的网络交易，域名为taobao.com以及淘宝启用的其他域名&nbsp;</span><br />', '网站-客服服务-客服邮箱'), ('onlineServer', '在线客服', '网站-客服服务-在线客服'), ('protocol', '<table width=\"93%\" border=\"0\" cellspacing=\"0\" cellpadding=\"0\" style=\"font-family:宋体;background-color:#FFFFFF;\" class=\"ke-zeroborder\">\n	<tbody>\n		<tr>\n			<td class=\"lh15 14\" style=\"font-family:宋体;\">\n				<table width=\"100%\" border=\"0\" cellspacing=\"0\" cellpadding=\"4\" class=\"ke-zeroborder\">\n					<tbody>\n						<tr>\n							<td width=\"10%\" style=\"font-family:宋体;\">\n								第一条\n							</td>\n							<td width=\"90%\" bgcolor=\"#EFEFEF\" class=\"lh13\" style=\"font-family:宋体;\">\n								<b>软件的使用</b>\n							</td>\n						</tr>\n						<tr>\n							<td class=\"M\" style=\"font-family:宋体;\">\n							</td>\n							<td class=\"lh13\" style=\"font-family:宋体;\">\n								<p align=\"left\">\n									1.1&nbsp;本软件使用许可仅向能够根据相关法律订立具有法律约束力的合约的自然人提供。因此，诚信通个人会员应确认本人已满十八周岁，且系完全民事行为能力人。&nbsp;<br />\n1.2&nbsp;诚信通个人会员须同时凭用户名和密码登录软件。对于通过其他手段登录、使用所造成的后果，许可方将不承担任何责任。&nbsp;<br />\n1.3&nbsp;许可方仅根据用户名和密码确认使用软件的诚信通个人会员的身份。诚信通个人会员明确表示通过其用户名和密码进行的任何操作（包括但不限于发布信息资料、网上点击同意或提交各类规则协议、网上续签协议或购买其他服务等）均应被视为诚信通个人会员行为，其法律后果由诚信通个人会员承担。诚信通个人会员应妥善保管用户名和密码，并对其使用及其遗失自行承担责任。诚信通个人会员承诺，如其用户名和密码遭到未获授权的使用，或者发生其他任何安全问题时，将立即通知许可方。诚信通个人会员在此同意并确认，许可方对因上述情形产生的遗失或损害不负责任。\n								</p>\n1.4&nbsp;软件与其他许可方产品和/或服务存在集成关系，如果诚信通个人会员通过软件使用许可方的其他产品和/或服务则视为认同许可方的其他产品和/或服务的法律条款。\n								<p>\n									&nbsp;\n								</p>\n							</td>\n						</tr>\n						<tr>\n							<td style=\"font-family:宋体;\">\n								第二条\n							</td>\n							<td bgcolor=\"#EFEFEF\" class=\"lh13\" style=\"font-family:宋体;\">\n								<b>个人实名查证</b>\n							</td>\n						</tr>\n						<tr>\n							<td class=\"M\" style=\"font-family:宋体;\">\n							</td>\n							<td class=\"lh13\" style=\"font-family:宋体;\">\n								2.1&nbsp;订购方获得软件使用许可前，必须通过个人实名查证（以下简称“认证”），即由许可方指定第三方（以下简称\"认证人\"）查证有关该会员在申请取得软件使用许可时的以下信息：&nbsp;<br />\n·提供的中国居民身份证信息&nbsp;<br />\n·提供的银行卡信息&nbsp;<br />\n同时，许可方有权了解其他信息的合理性，诚信通个人会员应履行配合义务，否则，许可方有权拒绝提供软件使用许可。软件使用许可期内，诚信通个人会员应始终保持其主体身份真实、合法、有效、若上述第一项信息有任何变更，诚信通个人会员应及时通知许可方并支付相关费用（详见网站说明）后，仍须由认证人依程序再次认证。诚信通个人会员同意为诚信通个人会员的未及时通知或更新承担全部责任，如因此而给许可方（包括其关联公司、合作伙伴、代理人、职员等）造成损失的，诚信通个人会员同意赔偿其全部损失（包括律师费）。<br />\n								<p>\n									2.2&nbsp;许可方收到诚信通个人会员的付款及诚信通个人会员已被确认通过认证后，许可方将通过诚信通个人会员在注册时提供的电子邮件地址发出书面通知，诚信通个人会员的软件使用许可期限将自即日起开始计算。\n								</p>\n								<p>\n									2.3&nbsp;如诚信通个人会员所提供的资料有误或资料变更或其他原因导致未获认证人认证通过的，诚信通个人会员可以在修改资料后要求再次认证，再次认证的费用及相关服务费由诚信通个人会员自行承担。如未付清款项或诚信通个人会员所提供的资料无法通过认证人认证的，诚信通个人会员将收到许可方的邮件通知和退款。认证、再次认证的费用及相关服务费将在诚信通个人会员所获的退款中扣除。（认证、再次认证费及相关费用标准详见网站说明）。\n								</p>\n								<p>\n									2.4&nbsp;在软件使用许可期限届满前，如诚信通个人会员希望变更已获认证的信息，则任何变更均需在变更发生之日起一个月内按要求向许可方提交\"信息变更的再次认证申请\"并付清相关费用后，将得到认证人的再次认证。诚信通个人会员同意对所提供的变更后的信息负全部责任。如诚信通个人会员未及时变更、未付清款项，或所变更信息未经认证人认证，则许可方有权暂缓或终止许可诚信通个人会员使用软件，或暂缓、终止诚信通个人会员的帐号。\n								</p>\n2.5&nbsp;许可方及其关联公司、合作伙伴对诚信通个人会员使用服务所提供的任何信息的真实性、准确性、及时性和完整性不作保证和承诺。此外，认证结果仅表明认证当时的情况，对此后的变更，许可方及其关联公司和认证人均不负责。同时，许可方及其关联公司对认证人所作的认证结果不作任何承诺和保证。许可方及其关联公司和其合作伙伴也不对认证人的疏忽或遗漏（无论其故意或过失）负责。\n							</td>\n						</tr>\n						<tr>\n							<td style=\"font-family:宋体;\">\n								第三条\n							</td>\n							<td bgcolor=\"#EFEFEF\" class=\"lh13\" style=\"font-family:宋体;\">\n								<b>软件功能</b>\n							</td>\n						</tr>\n						<tr>\n							<td class=\"M\" style=\"font-family:宋体;\">\n							</td>\n							<td class=\"lh13\" style=\"font-family:宋体;\">\n								<p>\n									3．1&nbsp;诚信通个人会员订购的本软件，包含以下功能（下述功能随时可能因许可方的单方判断而被增加或修改，或因定期、不定期的维护而暂缓提供）&nbsp;<br />\n(a) 阿里活动记录：&nbsp;<br />\n即诚信通个人会员在阿里巴巴网站的交易信息和行为的记录。&nbsp;<br />\n(b) 会员评价：&nbsp;<br />\n即由阿里巴巴网站提供空间，诚信通个人会员可对与其有真实业务关系的其他诚信通会员进行评论和反馈。发布者应保证上述评论和反馈的真实性、准确性、完整性和及时性。&nbsp;<br />\n(c) 发布信息：&nbsp;<br />\n即由阿里巴巴网站提供空间，诚信通个人会员可自行通过个人诚信通软件生成商业信息，包括其文字描述、图片或照片说明。其中符合特定条件的信息（不超过5000条）通过本软件可进入阿里巴巴中国网站搜索结果页面。&nbsp;<br />\n许可方不对上述信息的真实性、准确性或及时性、完整性负责。&nbsp;<br />\n(d) 查阅或订阅阿里巴巴网站的信息：&nbsp;<br />\n即诚信通会员有权通过访问阿里巴巴网站、接收电子邮件的方式查看或订阅其他会员或诚信通会员在阿里巴巴网站发布的各类信息；但阿里巴巴不对该信息的真实性、准确性或完整性和及时性负责。\n								</p>\n(e)\n								<p align=\"left\">\n									个人诚信通软件（限量版）除包含上述全部功能以外，还包含其它功能，具体见（限量版）订单及阿里巴巴中文网站说明。\n								</p>\n								<p>\n									许可方确认个人诚信通软件的上述功能构成本协议所述软件的主要部分，该软件功能未得到会员的同意前不会全部终止或全部变更。\n								</p>\n								<p>\n									3.2&nbsp;阿里巴巴将为每一位诚信通个人会员提供一个阿里巴巴子域名。该子域名将包含在诚信通个人会员的诚信通档案。诚信通个人会员可将上述联系方式告知第三人，诚信通个人会员在此授权阿里巴巴发布、并同意阿里巴巴向通过该子域名进入的任何人开放信息。\n								</p>\n								<p>\n									3.3&nbsp;许可方保留在任何时候自行决定对软件及其相关功能、变更、升级、修改、转移的权利。许可方进一步保留开发新的模块、功能和软件或其它语种服务的权利。上述所有新的模块、功能、软件的提供，除非许可方另有说明，否则仍适用本协议。诚信通个人会员在此同意许可方在任何情况下都无需向会员或第三方在使用服务时对其在传输或联络中的迟延、不准确、错误或疏漏及因此而致使的损害负责。\n								</p>\n诚信通个人会员同意仅为与第三方间进行商务沟通或与其他会员联络的目的而使用本软件。诚信通个人会员在此同意许可方在任何情况下都无需向会员或第三方在使用软件时对其在传输或联络中的迟延、不准确、错误或疏漏及因此而致使的损害负责。\n							</td>\n						</tr>\n						<tr>\n							<td style=\"font-family:宋体;\">\n								第四条\n							</td>\n							<td class=\"lh13\" style=\"font-family:宋体;\">\n								<b>软件使用许可费用</b>\n							</td>\n						</tr>\n						<tr>\n							<td class=\"M\" style=\"font-family:宋体;\">\n							</td>\n							<td class=\"lh13\" style=\"font-family:宋体;\">\n								<p>\n									4.1诚信通个人会员应按年向许可方支付软件使用许可费，个人诚信通软件（普及版）费用标准为人民币 1688元/年，个人诚信通软件（限量版）费用标准为2800元/年。\n								</p>\n								<p>\n									4.2&nbsp;诚信通个人会员应当在使用软件前一次性支付上述费用，或者授权许可方使用诚信通个人会员指定的付款方式向诚信通个人会员收取软件许可使用费，以及诚信通个人会员选择使用的本软件下其他收费项目的费用。\n								</p>\n								<p>\n									4.3&nbsp;除非另行约定，本软件的价格不包括任何税款和电话费。这些税款和电话费由诚信通个人会员负责支付。许可方可不时更改软件价格，但必须提前通知诚信通个人会员。&nbsp;<br />\n·如果诚信通个人会员的软件优惠有特定期限和价格，那么该价格在该期限内有效。优惠期结束后，诚信通个人会员使用软件的价格将按新标准执行。&nbsp;<br />\n·如果诚信通个人会员不同意这些更改，那么诚信通个人会员应当在更改发生前停止使用软件。\n								</p>\n								<p>\n									4.4&nbsp;除非有可以退还的另行约定，所有已收取费用概不退还，并且因退款发生的任何费用均由诚信通个人会员承担。法律另有规定者除外。\n								</p>\n								<p>\n									4.5&nbsp;不论有无理由，诚信通个人会员都可以随时停止使用软件。停止使用软件不会导致退款的必然发生。\n								</p>\n								<p>\n									4.6&nbsp;除非法律不允许，如果诚信通个人会员未能及时付款，许可方可计算违约金。当许可方向诚信通个人会员收取违约金时，诚信通个人会员应当予以支付。违约金按每日未付款金额的1%或法律允许的最高利率计算，以二者中较低者为准。许可方可聘请第三方来收取超期帐款，诚信通个人会员应当支付许可方为收取超期帐款而发生的一切合理开支。这些开支可能包括合理的律师费和其他法律费用和开支。如果诚信通个人会员未能及时支付全款，许可方可停止诚信通个人会员对软件的使用。\n								</p>\n								<p>\n									4.7&nbsp;续费。诚信通个人会员可于软件使用期限届满前，向许可方提出继续使用软件的申请且全额支付下一年度软件使用许可费，经许可方同意后，本协议自上一年度届满之日起自动延续一年。\n								</p>\n							</td>\n						</tr>\n						<tr>\n							<td style=\"font-family:宋体;\">\n								第五条\n							</td>\n							<td class=\"lh13\" style=\"font-family:宋体;\">\n								<b>诚信通个人会员的权利义务</b>\n							</td>\n						</tr>\n						<tr>\n							<td class=\"M\" style=\"font-family:宋体;\">\n							</td>\n							<td class=\"lh13\" style=\"font-family:宋体;\">\n								<p>\n									5.1&nbsp;诚信通个人会员保证向许可方提交的注册信息均真实、准确、及时、详尽和完整，并不断更新注册资料，以符合前述要求；不含有任何违反国家法律、法规及中华人民共和国承认或加入的国际条约的内容，且诚信通个人会员通过软件所从事的一切活动都是合法、真实、有效的，不侵权任何第三方的合法权益。\n								</p>\n								<p>\n									5.2&nbsp;诚信通个人会员在此声明并保证：&nbsp;<br />\n（a)诚信通个人会员通过本软件在阿里巴巴中文网站上发布的所有信息，均系真实、完整、合法信息，如发布公司信息，应保证已取得该公司的合法授权，但许可方及其关联公司无义务对此等信息进行审核。如有任何第三方就此提出投诉，许可方有权基于合理怀疑，先行删除相关信息，直至拒绝诚信通个人会员使用本软件。&nbsp;<br />\n（b）诚信通个人会员通过本软件所发布的任何信息或提供的任何资料都必须符合阿里巴巴网站当时及此后公示的发布须知及相关文字说明。&nbsp;<br />\n（c）诚信通个人会员将通过本软件维护并及时更新上述资料，以保证其真实，准确，及时和完整性。&nbsp;<br />\n诚信通个人会员在此授予许可方及其关联公司永久的，不可撤销的，全球的和免费的使用许可权，包括其代理人，雇员，服务提供商和其他提供必要技术和服务的合作人(包括但不限于认证人)，即，其有权使用诚信通个人会员根据本协议和阿里巴巴会员服务协议所述而提供的资料和信息。诚信通个人会员进一步同意其一旦将信息或资料在使用软件时提供，则表示同意放弃对此信息或资料所享有的版权和相关财产权利。&nbsp;<br />\n如果诚信通个人会员提供的信息不真实，不准确，不及时或不完全，或许可方有合理的理由怀疑其真实性，准确性、及时性和完整性，则许可方有权中止或终止诚信通个人会员的会员资格并拒绝诚信通个人会员使用任何现有的软件及以后可能提供的软件或服务。\n								</p>\n								<p>\n									5.3&nbsp;诚信通个人会员保证其使用软件的各项行为均符合国家法律法规的规定，发布的信息中不含有《中华人民共和国电信条例》第五十七条规定的信息。以下是许可方禁止诚信通个人会员进行的一些有害活动的示例，包括但不限于：&nbsp;<br />\n禁止出售、转售或复制、开发许可方授予的使用权限；&nbsp;<br />\n禁止基于商业目的模仿许可方的产品和服务；&nbsp;<br />\n禁止复制和模仿许可方的设计理念、界面、功能和图表；&nbsp;<br />\n禁止未经许可方许可基于此软件或其内容进行修改或制造派生其他产品；&nbsp;<br />\n诚信通个人会员只能处于诚信通个人会员商业范围内使用软件，禁止发送违反法律的信息，禁止发送和储存带有病毒的、蠕虫的、木马的和其他有害的计算机代码、文件、脚本和程序。\n								</p>\n								<p>\n									5.4&nbsp;诚信通个人会员进一步同意对软件和/或软件任何部分（软件产品、页面标识、服务品牌、资讯、信息）不进行复制、翻译、修改、适应、增强、反编译、反汇编、反向工程、分解拆卸、出售、转租或作任何商业目的的使用。诚信通个人会员同意约束其有必要使用该软件的员工、代理、咨询者或顾问遵守前述之义务，并就其违反前述规定的行为对许可方负责就如同诚信通个人会员自身违反。\n								</p>\n								<p>\n									5.5&nbsp;诚信通个人会员必须自行配备上网所需的设备，包括计算机、调制解调器或其它必备的上网设备，并自行负担上网所需的电话费用、网络服务费用等。\n								</p>\n								<p>\n									5.6&nbsp;诚信通个人会员承诺通过软件进行的活动所引发的一切法律后果，由诚信通个人会员承担全部责任。如因诚信通个人会员使用软件的行为，导致许可方或任何第三方为此承担了相关的责任，则诚信通个人会员需全额赔偿许可方或任何第三方的相关支出及损失，包括合理的律师费用。\n								</p>\n								<p>\n									5.7&nbsp;诚信通个人会员同意如因其违反本协议规定的任何条款或许可方不时发布的各项规则、通告。许可方有权单方判断立即终止诚信通个人会员使用软件，而无需事先通知诚信通个人会员。\n								</p>\n								<p>\n									5.8&nbsp;诚信通个人会员同意在使用软件的同时，同意接受许可方提供的各类信息服务。\n								</p>\n								<p>\n									5.9&nbsp;诚信通个人会员同意仅为本人与第三方间进行真实的商务沟通或与其他会员联络的目的而使用本软件，同意不以各种形式从事信息代理、中介等，否则，许可方有权随时终止本协议并不予退返软件使用许可费。许可方保留追究违约会员相关责任的权利。\n								</p>\n								<p>\n									5.10&nbsp;诚信通个人会员进一步声明，保证并同意其以商业伙伴名义所提供，张贴的信息，应事先得到该商业伙伴许可并同意如下：&nbsp;<br />\n(a)作为诚信通个人会员的资信参考人；&nbsp;<br />\n(b)张贴其具体的联系方式，推荐信和评论；&nbsp;<br />\n(c)使第三方可与之联系并确认该评述。会员进一步保证推荐人评述的真实性和准确性，并放弃在第三方与会员的商业推荐人联系前须事先征得会员同意的权利。&nbsp;<br />\n诚信通个人会员同意并接受许可方无须监控会员通过软件所发布的信息资料内容，并针对上述事项进行编辑调整。许可方对诚信通个人会员提供的资料，信息和评述不作确认，检验或其它任何形式的保证。每一个诚信通个人会员都必须单独地为其通信内容的合法性负责，并对其提供的资料，信息或评述负全部责任。同时，许可方保留删除依据其自行判断确认具有违法性或违反本协议或阿里巴巴会员服务协议而可能致使阿里巴巴因此承担责任的任何内容。\n								</p>\n								<p>\n									同时，诚信通个人会员同意对因违反本协议或会员服务条款使用软件，而许可方未能及时张贴或删除该信息所致使的任何损失，包括其公司，雇员，代理人或代表人所遭受的全部损失进行赔偿，包括相关律师费，诉讼费等。诚信通个人会员进一步同意，许可方没有义务，也不应对会员或第三方所张贴或提供的任何资料的真实性，准确性，是否构成误导，欺诈，诽谤，侵权或违法负责。如诚信通个人会员因此而遭受损失，则应由诚信通个人会员自行向张贴人要求赔偿，诚信通个人会员放弃追究许可方责任的权利。\n								</p>\n5.11&nbsp;根据本协议或许可方的其它许可，诚信通个人会员有权使用许可方提供数据库和列表等技术服务。除此以外，其它使用或试图使用许可方的各种目录，数据库和列表用作商业性目的或复制，抄袭，进行大规模促销(包括但不限于发送垃圾邮件等)或其它未经许可的目的，将被强行禁止。\n							</td>\n						</tr>\n						<tr>\n							<td style=\"font-family:宋体;\">\n								第六条\n							</td>\n							<td class=\"lh13\" style=\"font-family:宋体;\">\n								<b>许可方的权利义务</b>\n							</td>\n						</tr>\n						<tr>\n							<td class=\"M\" style=\"font-family:宋体;\">\n							</td>\n							<td class=\"lh13\" style=\"font-family:宋体;\">\n								<p>\n									6.1&nbsp;许可方将按照本协议的规定许可诚信通个人会员使用软件。\n								</p>\n								<p>\n									6.2&nbsp;许可方有权在其服务器上复制并保存诚信通个人会员的信息，并用之为了诚信通个人会员的利益与其联络。\n								</p>\n								<p>\n									6.3&nbsp;许可方有权随时删除含有任何违反法律、法规、软件使用许可协议、各项规则的信息或链接，包括许可方对此有合理怀疑的信息。许可方有权单独对诚信通个人会员提供的信息是否属于上述范围做出判断。\n								</p>\n								<p>\n									6.4&nbsp;许可方没有义务对诚信通个人会员使用软件的行为进行监督。但是，许可方保留权利在任何时候、无需给予通知并可以凭借任何理由终止诚信通个人会员使用软件。&nbsp;<br />\n6.5 许可方保证其提供软件软件产品的合法性，该软件按“现状”、“有缺陷”和“当前功能”的状态提供。\n								</p>\n								<p>\n									6.6&nbsp;上述保证将替代所有其它保证。在适用法律允许的最大范围内，特此替代所有其它保证、条件和声明，无论是明示的、默示的、口头的、法定的和其它方式，并且无论是依据本协议或其它协议而产生的，包括但不限于，不侵权、适合市场销售及适用于某个特定用途的默示保证。\n								</p>\n								<p>\n									6.7&nbsp;许可方将在其网络系统内建立合理的安全体系，包括身份识别体系、内部安全防范体系，以使诚信通个人会员数据完整，并且保密。但诚信通个人会员了解并同意技术手段在不断更新，许可方无法杜绝全部的非安全因素，但许可方会及时更新安全体系，妥善维护网络及相关数据。\n								</p>\n							</td>\n						</tr>\n						<tr>\n							<td style=\"font-family:宋体;\">\n								<b>第七条</b>\n							</td>\n							<td class=\"lh13\" style=\"font-family:宋体;\">\n								<b>第三方服务说明</b>\n							</td>\n						</tr>\n						<tr>\n							<td class=\"M\" style=\"font-family:宋体;\">\n							</td>\n							<td class=\"lh13\" style=\"font-family:宋体;\">\n								<p>\n									诚信通个人会员了解并确认软件中可能包含由第三方提供的服务，许可方只是为了诚信通个人会员的便利而提供该功能模块，但是许可方并不控制第三方的服务内容，也不对其负责。诚信通个人会员如需使用此等服务，应另行与第三方服务提供方达成服务协议，支付相应费用并承担可能的风险。许可方对第三方提供的服务不提供任何形式的保证。\n								</p>\n							</td>\n						</tr>\n						<tr>\n							<td style=\"font-family:宋体;\">\n								<b>第八条</b>\n							</td>\n							<td class=\"lh13\" style=\"font-family:宋体;\">\n								<b>诚信原则</b>\n							</td>\n						</tr>\n						<tr>\n							<td class=\"M\" style=\"font-family:宋体;\">\n							</td>\n							<td class=\"lh13\" style=\"font-family:宋体;\">\n								<p align=\"left\">\n									8.1诚信通个人会员承诺，其将恪守诚信原则，在软件许可使用期内，如诚信通个人会员有下列情形之一的，其完全同意阿里巴巴有权立即单方给与包括但不限于警告、公示、限权或终止服务等不同程度的处罚： 会员限权期间费用（包括但不限于诚信通费用、网销宝服务费等，下同）照常计算，且服务期不予延长。被终止服务的会员将在阿里巴巴网站上进行通告，阿里巴巴无需退还未履行的的服务费用，同时无需承担任何违约责任。\n								</p>\n								<p align=\"left\">\n									(a)&nbsp;涉嫌利用软件实施欺诈或其他违法行为的（许可方有权单方对此作出认定）；\n								</p>\n								<p align=\"left\">\n									(b)被任何第三方投诉，称其（含其发布信息中所提及的公司，下同）有未按约定发货、未按约定付款或所发货物的数量或质量与约定不符、交货期迟延等违约行为，或称其有代理、销售或中介假冒伪劣产品或侵犯任何第三方合法权利的产品的行为，且未能在许可方要求的合理期限内提供证据，或虽在上述期限内提供了证据，但未能充分证明其不存在上述行为的；\n								</p>\n								<p align=\"left\">\n									(c)未经许可方书面同意，擅自许可他人使用软件或擅自将软件转让或部分转让他人的（包括但不限于擅自许可他人使用其帐号和密码，或擅自将其帐号和密码转让或泄露给他人的），或售卖或要约售卖其通过软件获知的买家及买家询盘等相关商业信息的；\n								</p>\n								<p align=\"left\">\n									(d)利用软件或计算机病毒/程序等手段，非法窃取、删除、修改或增加阿里巴巴网站或阿里巴巴网站其他会员的任何信息，或以其他任何方式危害阿里巴巴网站的正常运行的；\n								</p>\n								<p align=\"left\">\n									(e)存在阿里巴巴认定的其他不诚信行为的，或违反其他约定或网站规则的。\n								</p>\n8.2诚信通个人会员理解并同意，诚信原则的要求包括但不限于诚信通当前服务期、诚信通以前服务期、使用诚信通服务、非使用诚信通服务等。\n							</td>\n						</tr>\n						<tr>\n							<td style=\"font-family:宋体;\">\n								<b>第九条</b>\n							</td>\n							<td class=\"lh13\" style=\"font-family:宋体;\">\n								<b>知识产权</b>\n							</td>\n						</tr>\n						<tr>\n							<td class=\"M\" style=\"font-family:宋体;\">\n							</td>\n							<td class=\"lh13\" style=\"font-family:宋体;\">\n								9.1&nbsp;许可方拥有本协议所规定的软件产品的著作权、商标权、专利权、专利申请权、专有技术、商业秘密以及其他相关的知识产权，包括与该软件有关的各种文档资料。其它本协议中未经提及的权利亦由许可方保留。<br />\n9.2&nbsp;未经许可方事先书面同意，诚信通个人会员不得为任何营利性或非营利性的目的自行实施、利用、转让或许可任何第三方实施、利用、转让上述知识产权。\n							</td>\n						</tr>\n						<tr>\n							<td style=\"font-family:宋体;\">\n								<b>第十条</b>\n							</td>\n							<td class=\"lh13\" style=\"font-family:宋体;\">\n								<b>终止</b>\n							</td>\n						</tr>\n						<tr>\n							<td class=\"M\" style=\"font-family:宋体;\">\n							</td>\n							<td class=\"lh13\" style=\"font-family:宋体;\">\n								<p>\n									10.1&nbsp;许可方有权在下列情形下拒绝会员的订购或终止本协议，而无需承担任何责任：&nbsp;<br />\n（a）会员违反了本协议或会员服务协议的任一条款，且自许可方通知其纠正后仍未纠正的；&nbsp;<br />\n（b）许可方或其授权的第三方无法确认会员提供的注册信息或银行卡信息；&nbsp;<br />\n（c）发现会员隐瞒其从事互联网信息服务；&nbsp;<br />\n（d）诚信通个人会员软件使用许可期限届满。诚信通个人会员软件使用许可期限届满后如需继续使用本协议约定之产品的，则诚信通个人会员需与许可方另行签署有关购买该软件的标准订单，并由诚信通个人会员向许可方或许可方指定的第三方支付相应的费用。\n								</p>\n								<p>\n									10.2&nbsp;如协议一方，除为重组或兼并的目的外，通过决议或由法院判令解散，则接收方或指定的债权人代表有权经通知后终止本协议。\n								</p>\n10.3&nbsp;协议期内，在诚信通个人会员被第三方多次投诉等合理情形下，为避免诚信通个人会员及许可方的损失，许可方有权以电子邮件或其他书面形式通知诚信通个人会员后解除本合同，本合同自通知到达诚信通个人会员处时终止。合同解除后，诚信通个人会员有权凭许可方就本合同开具的发票原件及退款申请要求许可方退还未履行部分的合同价款至会员名下的指定帐号。<a href=\"http://page.1688.com/shtml/cxt/personal_cxt_refund.htm\" target=\"_blank\">退款金额计算方法</a>\n							</td>\n						</tr>\n						<tr>\n							<td style=\"font-family:宋体;\">\n								<b>第十一条</b>\n							</td>\n							<td class=\"lh13\" style=\"font-family:宋体;\">\n								<b>免责及责任的限制与排除</b>\n							</td>\n						</tr>\n						<tr>\n							<td class=\"M\" style=\"font-family:宋体;\">\n							</td>\n							<td class=\"lh13\" style=\"font-family:宋体;\">\n								<p>\n									11.1&nbsp;许可方以“现状”、“有缺陷”和“当前功能”的状态提供软件。许可方不保证软件在操作上不会中断或没有错误，不保证其会纠正软件的所有缺陷，亦不保证软件能满足诚信通个人会员的所有要求。诚信通个人会员承担所有关于令人满意的质量、性能、准确性的风险。\n								</p>\n								<p>\n									11.2&nbsp;在所适用的法律允许的范围内，许可方不做任何明示的或默示的声明，也不给予任何明示的或默示的保证或条件，包括但不限于：&nbsp;<br />\n（a）关于适销性、特定用途适用性、准确性和无侵权行为的任何保证或条件；&nbsp;<br />\n（b）在交易过程或行业惯例中产生的任何保证或条件；&nbsp;<br />\n（c）在访问或使用软件时不受干扰、没有错误的任何保证或条件。\n								</p>\n								<p>\n									11.3&nbsp;在任何情况下，许可方均不对源于、基于或因本协议或诚信通个人会员使用软件而导致的数据的丢失和/或任何损害赔偿负责，包括但不限于非直接的、间接的、特殊的、附带性的或惩罚性的损害赔偿或其他任何形式的损害赔偿，即使许可方已被告知此等损害赔偿的可能性。\n								</p>\n								<p>\n									11.4&nbsp;许可方不就电讯系统或互联网的中断或无法运作、技术故障、计算机错误或病毒、信息损坏或丢失或其它在许可方合理控制范围之外的原因而产生的其他任何性质的破坏而向诚信通个人会员或任何第三方承担损害赔偿责任。\n								</p>\n								<p>\n									11.5&nbsp;软件提供的与诚信通个人会员业务直接相关的信息，包括但不限于海关商品信息、汇率、海内外港口、国家地区、价格条款、收汇方式等信息，均是许可方为诚信通个人会员查询之方便而提供，许可方将尽量及时更新上述信息。但诚信通个人会员了解并同意上述信息因国家政策的调整而不断更新，许可方不能确保时时更新。因此上述信息仅供参考，诚信通个人会员在实际业务操作中应遵从国家相关部门不时发布的最新政策。因诚信通个人会员错误地适用了上述信息而造成的任何损失，许可方不向诚信通个人会员或任何第三方承担损害赔偿责任。\n								</p>\n11.6&nbsp;双方承认本条款反映了双方就协商谈判达成的一致意见。双方均完全了解本条款的后果并进一步承认本条款的合理性。\n							</td>\n						</tr>\n						<tr>\n							<td style=\"font-family:宋体;\">\n								<b>第十二条</b>\n							</td>\n							<td class=\"lh13\" style=\"font-family:宋体;\">\n								<b>不可抗力</b>\n							</td>\n						</tr>\n						<tr>\n							<td class=\"M\" style=\"font-family:宋体;\">\n							</td>\n							<td class=\"lh13\" style=\"font-family:宋体;\">\n								<p>\n									如果由于黑客攻击或政府管制或网络通讯瘫痪等对其发生和后果不能预见的事件，双方均确认此属不可抗力；双方应按照不可抗力对影响履行本协议的程度，协商决定是否解除本协议、免除履行本协议的部分义务，或者延期履行本协议。\n								</p>\n							</td>\n						</tr>\n						<tr>\n							<td style=\"font-family:宋体;\">\n								第十三条\n							</td>\n							<td class=\"lh13\" style=\"font-family:宋体;\">\n								<b>法律及争议解决</b>\n							</td>\n						</tr>\n						<tr>\n							<td class=\"M\" style=\"font-family:宋体;\">\n							</td>\n							<td class=\"lh13\" style=\"font-family:宋体;\">\n								<p>\n									13.1&nbsp;本协议适用中华人民共和国法律。如遇本协议有关的某一特定事项缺乏明确法律规定，则应参照通用国际商业惯例和（或）行业惯例。&nbsp;<br />\n13.2&nbsp;因双方就本协议的签订、履行或解释发生争议，双方应努力友好协商解决。如协商不成，任何一方均有权向许可方所在地人民法院起诉。\n								</p>\n							</td>\n						</tr>\n						<tr>\n							<td style=\"font-family:宋体;\">\n								<b>第十四条</b>\n							</td>\n							<td class=\"lh13\" style=\"font-family:宋体;\">\n								<b>协议的转让</b>\n							</td>\n						</tr>\n						<tr>\n							<td class=\"M\" style=\"font-family:宋体;\">\n							</td>\n							<td class=\"lh13\" style=\"font-family:宋体;\">\n								<p>\n									除非取得许可方事先书面同意，诚信通个人会员不得将其在本协议项下的权利与义务转让给任何第三方。\n								</p>\n							</td>\n						</tr>\n						<tr>\n							<td style=\"font-family:宋体;\">\n								<b>第十五条</b>\n							</td>\n							<td class=\"lh13\" style=\"font-family:宋体;\">\n								<b>其他</b>\n							</td>\n						</tr>\n						<tr>\n							<td class=\"M\" style=\"font-family:宋体;\">\n							</td>\n							<td class=\"lh13\" style=\"font-family:宋体;\">\n								<p>\n									15.1&nbsp;本协议构成诚信通个人会员和许可方间就使用软件的完整的协议，并取代双方就有关本协议所载任何事项于先前以口头及书面达成的共识。\n								</p>\n								<p>\n									15.2&nbsp;如本协议的任何条款被视作无效或无法执行，则上述条款可被分离，其余部分则仍具有法律效力。\n								</p>\n								<p>\n									15.3&nbsp;本协议的标题仅为方便阅读所设，非对条款的定义、限制、解释或描述其范围或界限。\n								</p>\n								<p>\n									15.4&nbsp;许可方于诚信通个人会员过失或违约时放弃本协议规定的权利的，不得视为其对诚信通个人会员的其他或以后同类之过失或违约行为弃权。\n								</p>\n15.5&nbsp;许可方有权随时根据中华人民共和国有关法律、法规的变化、互联网的发展以及公司经营状况和经营策略的调整等修改本协议。诚信通个人会员要继续使用软件就有必要对最新的《软件软件使用许可协议》进行仔细阅读和确认。当发生有关争议时，以最新的协议为准。<br />\n							</td>\n						</tr>\n					</tbody>\n				</table>\n			</td>\n		</tr>\n	</tbody>\n</table>', '软件许可协议'), ('question', '<p style=\"text-indent:2em;color:#666666;font-family:Arial, Verdana, 宋体;background-color:#FFFFFF;\">\n	<span style=\"color:#000000;\">客户在接受商品订购与送货的同时，有义务遵守以下交易条款。您在京东下订单之前或接受京东送货之前，请您仔细阅读以下条款：</span>\n</p>\n<p style=\"text-indent:2em;color:#666666;font-family:Arial, Verdana, 宋体;background-color:#FFFFFF;\">\n	<span style=\"color:#000000;\">1. 订购的商品价格以您下订单时京东网上价格为准。</span>\n</p>\n<p style=\"text-indent:2em;color:#666666;font-family:Arial, Verdana, 宋体;background-color:#FFFFFF;\">\n	<span style=\"color:#000000;\">2. 请清楚准确地填写您的真实姓名、送货地址及联系方式。因如下情况造成订单延迟或无法配送等，京东将不承担责任：</span>\n</p>\n<p style=\"text-indent:2em;color:#666666;font-family:Arial, Verdana, 宋体;background-color:#FFFFFF;\">\n	<span style=\"color:#000000;\">&nbsp;A. 客户提供错误信息和不详细的地址；&nbsp;</span>\n</p>\n<p style=\"text-indent:2em;color:#666666;font-family:Arial, Verdana, 宋体;background-color:#FFFFFF;\">\n	<span style=\"color:#000000;\">B. 货物送达无人签收，由此造成的重复配送所产生的费用及相关的后果；&nbsp;</span>\n</p>\n<p style=\"text-indent:2em;color:#666666;font-family:Arial, Verdana, 宋体;background-color:#FFFFFF;\">\n	<span style=\"color:#000000;\">C. 不可抗力，例如：自然灾害、交通戒严、突发战争等。&nbsp;</span>\n</p>\n<p style=\"text-indent:2em;color:#666666;font-family:Arial, Verdana, 宋体;background-color:#FFFFFF;\">\n	<span style=\"color:#000000;\">3. 安全性：无论您是电话订购商品或是网络订购商品，我们会保证交易信息的安全，并由京东授权的员工处理您的订单。&nbsp;</span>\n</p>\n<p style=\"text-indent:2em;color:#666666;font-family:Arial, Verdana, 宋体;background-color:#FFFFFF;\">\n	<span style=\"color:#000000;\">4. 隐私权：京东尊重您的隐私权，在任何情况下，我们都不会将您的个人和订单信息出售或泄露给任何第三方（国家司法机关调取除外）。我们从网站上或电话中得到的所有客户信息仅用来处理您的相关订单。&nbsp;</span>\n</p>\n<p style=\"text-indent:2em;color:#666666;font-family:Arial, Verdana, 宋体;background-color:#FFFFFF;\">\n	<span style=\"color:#000000;\">5. 免责：如因不可抗力或其它京东无法控制的原因使京东销售系统崩溃或无法正常使用导致网上交易无法完成或丢失有关的信息、记录等，京东会尽可能合理地协助处理善后事宜，并努力使客户免受经济损失。&nbsp;</span>\n</p>\n<p style=\"text-indent:2em;color:#666666;font-family:Arial, Verdana, 宋体;background-color:#FFFFFF;\">\n	<span style=\"color:#000000;\">6. 客户监督：京东希望通过不懈努力，为客户提供最佳服务，京东在给客户提供服务的全过程中接受客户的监督。&nbsp;</span>\n</p>\n<p style=\"text-indent:2em;color:#666666;font-family:Arial, Verdana, 宋体;background-color:#FFFFFF;\">\n	<span style=\"color:#000000;\">7. 争议处理：如果客户与京东之间发生任何争议，可依据当时双方所认定的协议及相关法律进行解决。</span>\n</p>', '网站-客服服务-问题中心'), ('sellafter', '售后服务', '网站-客服服务-售后服务'), ('tx', '<p style=\"text-indent:2em;color:#666666;font-family:Arial, Verdana, 宋体;background-color:#FFFFFF;\">\n	<span style=\"color:#000000;\">客户在接受商品订购与送货的同时，有义务遵守以下交易条款。您在京东下订单之前或接受京东送货之前，请您仔细阅读以下条款：</span>\n</p>\n<p style=\"text-indent:2em;color:#666666;font-family:Arial, Verdana, 宋体;background-color:#FFFFFF;\">\n	<span style=\"color:#000000;\">1. 订购的商品价格以您下订单时京东网上价格为准。</span>\n</p>\n<p style=\"text-indent:2em;color:#666666;font-family:Arial, Verdana, 宋体;background-color:#FFFFFF;\">\n	<span style=\"color:#000000;\">2. 请清楚准确地填写您的真实姓名、送货地址及联系方式。因如下情况造成订单延迟或无法配送等，京东将不承担责任：</span>\n</p>\n<p style=\"text-indent:2em;color:#666666;font-family:Arial, Verdana, 宋体;background-color:#FFFFFF;\">\n	<span style=\"color:#000000;\">&nbsp;A. 客户提供错误信息和不详细的地址；&nbsp;</span>\n</p>\n<p style=\"text-indent:2em;color:#666666;font-family:Arial, Verdana, 宋体;background-color:#FFFFFF;\">\n	<span style=\"color:#000000;\">B. 货物送达无人签收，由此造成的重复配送所产生的费用及相关的后果；&nbsp;</span>\n</p>\n<p style=\"text-indent:2em;color:#666666;font-family:Arial, Verdana, 宋体;background-color:#FFFFFF;\">\n	<span style=\"color:#000000;\">C. 不可抗力，例如：自然灾害、交通戒严、突发战争等。&nbsp;</span>\n</p>\n<p style=\"text-indent:2em;color:#666666;font-family:Arial, Verdana, 宋体;background-color:#FFFFFF;\">\n	<span style=\"color:#000000;\">3. 安全性：无论您是电话订购商品或是网络订购商品，我们会保证交易信息的安全，并由京东授权的员工处理您的订单。&nbsp;</span>\n</p>\n<p style=\"text-indent:2em;color:#666666;font-family:Arial, Verdana, 宋体;background-color:#FFFFFF;\">\n	<span style=\"color:#000000;\">4. 隐私权：京东尊重您的隐私权，在任何情况下，我们都不会将您的个人和订单信息出售或泄露给任何第三方（国家司法机关调取除外）。我们从网站上或电话中得到的所有客户信息仅用来处理您的相关订单。&nbsp;</span>\n</p>\n<p style=\"text-indent:2em;color:#666666;font-family:Arial, Verdana, 宋体;background-color:#FFFFFF;\">\n	<span style=\"color:#000000;\">5. 免责：如因不可抗力或其它京东无法控制的原因使京东销售系统崩溃或无法正常使用导致网上交易无法完成或丢失有关的信息、记录等，京东会尽可能合理地协助处理善后事宜，并努力使客户免受经济损失。&nbsp;</span>\n</p>\n<p style=\"text-indent:2em;color:#666666;font-family:Arial, Verdana, 宋体;background-color:#FFFFFF;\">\n	<span style=\"color:#000000;\">6. 客户监督：京东希望通过不懈努力，为客户提供最佳服务，京东在给客户提供服务的全过程中接受客户的监督。&nbsp;</span>\n</p>\n<p style=\"text-indent:2em;color:#666666;font-family:Arial, Verdana, 宋体;background-color:#FFFFFF;\">\n	<span style=\"color:#000000;\">7. 争议处理：如果客户与京东之间发生任何争议，可依据当时双方所认定的协议及相关法律进行解决。</span>\n</p>', '提现说明'), ('vipInfo', '<strong>个人会员<br />\n1、个人—普通会员<br />\n特权：</strong><br />\n<span style=\"color:#333333;font-family:\'Microsoft yahei\';line-height:21.6000003814697px;background-color:#FFFFFF;\">（1） 专属私人旅游顾问</span><br />\n<span style=\"color:#333333;font-family:\'Microsoft yahei\';line-height:21.6000003814697px;background-color:#FFFFFF;\">（2） 积分（限俱乐部成员）与抵用券赠送</span><br />\n<span style=\"color:#333333;font-family:\'Microsoft yahei\';line-height:21.6000003814697px;background-color:#FFFFFF;\">（3） 订单金额超5000元（短线）、15000（航空）、30000（出境）的老三区及鄞州城区上门服务。未达到要求的收取20元交通费，超出地区范围或遇旺季视情况而定。</span><br />\n<span style=\"color:#333333;font-family:\'Microsoft yahei\';line-height:21.6000003814697px;background-color:#FFFFFF;\">（4） 积分兑换礼品或抵扣相应的款项（限俱乐部成员）</span><br />\n<strong>2、 个人会员—VIP会员</strong><br />\n<span style=\"color:#333333;font-family:\'Microsoft yahei\';line-height:21.6000003814697px;background-color:#FFFFFF;\">条件：个人客户3万积分以上</span><br />\n<strong>特权：</strong><br />\n<span style=\"color:#333333;font-family:\'Microsoft yahei\';line-height:21.6000003814697px;background-color:#FFFFFF;\">（1） 享受所有普通会员特权</span><br />\n<span style=\"color:#333333;font-family:\'Microsoft yahei\';line-height:21.6000003814697px;background-color:#FFFFFF;\">（2） 老三区及鄞州城区上门免费服务，超出地区范围或遇旺季视情况而定。</span><br />\n<span style=\"color:#333333;font-family:\'Microsoft yahei\';line-height:21.6000003814697px;background-color:#FFFFFF;\">（3） 每次参加旅游可获赠小礼物</span><br />\n<span style=\"color:#333333;font-family:\'Microsoft yahei\';line-height:21.6000003814697px;background-color:#FFFFFF;\">3、 个人会员—MVP会员</span><br />\n<span style=\"color:#333333;font-family:\'Microsoft yahei\';line-height:21.6000003814697px;background-color:#FFFFFF;\">条件：个人客户5万积分以上；</span><br />\n<strong>特权：</strong><br />\n<span style=\"color:#333333;font-family:\'Microsoft yahei\';line-height:21.6000003814697px;background-color:#FFFFFF;\">（1）享受所有VIP会员特权</span><br />\n<span style=\"color:#333333;font-family:\'Microsoft yahei\';line-height:21.6000003814697px;background-color:#FFFFFF;\">（2）大客户贵宾室接待</span><br />\n<span style=\"color:#333333;font-family:\'Microsoft yahei\';line-height:21.6000003814697px;background-color:#FFFFFF;\">（3）游玩归来可以得到意外礼物</span><br />\n<span style=\"color:#333333;font-family:\'Microsoft yahei\';line-height:21.6000003814697px;background-color:#FFFFFF;\">（4）生日前后送上礼物</span><br />\n<span style=\"color:#333333;font-family:\'Microsoft yahei\';line-height:21.6000003814697px;background-color:#FFFFFF;\">（5）出差旅行可到栎社机场飞扬候机厅VIP室候机（明年开始）</span><br />\n<span style=\"color:#333333;font-family:\'Microsoft yahei\';line-height:21.6000003814697px;background-color:#FFFFFF;\"></span><br />', '会员特权');
COMMIT;

-- ----------------------------
--  Table structure for `b_sms_send_log`
-- ----------------------------
DROP TABLE IF EXISTS `b_sms_send_log`;
CREATE TABLE `b_sms_send_log` (
  `id` varchar(50) NOT NULL,
  `phone` varchar(20) DEFAULT NULL COMMENT '手机号',
  `device_id` varchar(50) DEFAULT NULL COMMENT '设备号',
  `ip` varchar(20) DEFAULT NULL COMMENT 'ip',
  `create_time` datetime NOT NULL COMMENT '发送时间',
  `type` int(11) NOT NULL DEFAULT '1' COMMENT '1验证码',
  `code` varchar(50) DEFAULT NULL,
  PRIMARY KEY (`id`)
) ENGINE=InnoDB DEFAULT CHARSET=utf8 COMMENT='短信发送记录';

-- ----------------------------
--  Records of `b_sms_send_log`
-- ----------------------------
BEGIN;
INSERT INTO `b_sms_send_log` VALUES ('0f04fd65d821473eb8c272c20ce9fd0f', '18115799969', '', '', '2017-05-15 23:03:05', '1', '2'), ('1719a20256d14b6da8cb21978cd0131e', '15206121566', '1', '', '2017-06-12 15:09:56', '1', '2'), ('1a628425987349239500e79e8c4a2804', '18112335337', 'dc475434-565c-3b25-a740-a83ea61c179e', '', '2017-07-07 15:54:00', '1', '2'), ('23736f28c4fa4c4391c20176b3f6aa49', '15861130238', '687DD8AA-B31C-430F-83AB-180FCC7FCC20', '', '2017-07-07 15:54:27', '1', '2'), ('29a9ee2cf2f64da8801844d18818a864', '15861130238', '', '', '2017-05-16 09:08:41', '1', '2'), ('2a9b565c6bd745f3a8e0ed69b04e2c3d', '15206121566', '1', '', '2017-06-12 15:04:26', '1', '2'), ('302a7fce3b13444690228a4e477404d2', '18112335337', '1', '', '2017-06-22 14:52:23', '1', '2'), ('471e416b683d4d70a57b7b22457f6f80', '18115795585', '', '', '2017-05-15 16:13:13', '1', '0'), ('4a5192bd40534e049556ae340e991e97', '17625895653', '', '', '2017-05-16 09:11:58', '1', '2'), ('4f6efe28be234db89f0b17d1fef37632', '17625895653', '', '', '2017-05-15 22:06:56', '1', '4085'), ('5c8cba8f219c485baa48cba8019999fa', '18112335337', '1', '', '2017-06-22 13:15:12', '1', '2'), ('5e0ce085131a43ec8d126019c10f0fb1', '17625895653', '1', '', '2017-06-20 15:43:34', '1', '2'), ('5f0db787bc7b41e8859583dcab304509', '18112335337', '1', '', '2017-06-22 15:44:33', '1', '2'), ('5f136acdb6d14650b21c78b06538aa87', '18112335337', '1', '', '2017-06-22 15:24:07', '1', '2'), ('67345e41be544a399609317a59ffceaa', '18112335337', '1', '', '2017-06-22 16:43:34', '1', '2'), ('7c1beed77cbc46c2bd2c1e7460501127', '15861130238', '19A1E2B0-A332-4006-885A-035A3E32B6DD', '', '2017-06-20 15:51:40', '1', '2'), ('8f0a747e6db04a7f8559dee28c6b1b27', '17625895653', '', '', '2017-05-16 09:12:12', '1', '2'), ('94d44dd5af8845aaa4de3f22f3b1f4df', '18112335337', 'dc475434-565c-3b25-a740-a83ea61c179e', '', '2017-07-07 15:55:03', '1', '2'), ('ae2935fd33fd46d1bcebb90285ced0a6', '15961488260', '984A07AB-6B37-4046-9C08-39F3CC0D2850', '', '2017-07-06 14:34:47', '1', '2'), ('b26ba34512404c1ba60d4e80d5184468', '17625895653', 'EED89531-6CB3-45B3-91D5-54277BCB0F54', '', '2017-06-25 08:31:02', '1', '2'), ('b8c4aeab04aa48018377fcb95936d02c', '15206121566', '19A1E2B0-A332-4006-885A-035A3E32B6DD', '', '2017-06-16 16:56:39', '1', '2'), ('cf10eeed429148d9821064e02d38d092', '13915021875', '', '', '2017-05-15 22:09:12', '1', '2'), ('d5dfe5358ded4aada856d9c96f137a91', '17625895653', '7103AD6F-9D97-4F3B-A6D4-F13DB0AED975', '', '2017-06-20 15:36:58', '1', '2'), ('d7b2f68d1afd4ab9857e22fbce9f72b3', '17625895653', '7103AD6F-9D97-4F3B-A6D4-F13DB0AED975', '', '2017-06-20 15:35:39', '1', '2'), ('e1da27c63e204518bb03f05e397651dd', '15206121566', '', '', '2017-05-15 15:57:18', '1', '2'), ('ec3d59b1b0c5478bb05c4701ae917a46', '18112335337', 'dc475434-565c-3b25-a740-a83ea61c179e', '', '2017-07-05 10:26:51', '1', '2'), ('ec8dd8ad332c4eb38de9bc84d0f2300c', '17625895653', '7103AD6F-9D97-4F3B-A6D4-F13DB0AED975', '', '2017-06-20 15:34:35', '1', '2'), ('f45ccf43dc42430081ded0dc58fed01c', '17625895653', '1', '', '2017-06-20 15:40:38', '1', '2');
COMMIT;

-- ----------------------------
--  Table structure for `b_task`
-- ----------------------------
DROP TABLE IF EXISTS `b_task`;
CREATE TABLE `b_task` (
  `id` varchar(50) NOT NULL COMMENT 'id',
  `job_id` varchar(50) NOT NULL COMMENT '任务id',
  `job_name` varchar(50) NOT NULL COMMENT '任务名称',
  `job_group` varchar(50) NOT NULL COMMENT '任务组',
  `cron_expression` varchar(50) NOT NULL COMMENT '表达式',
  `state` int(11) NOT NULL DEFAULT '1' COMMENT '状态',
  `info` varchar(1000) DEFAULT NULL COMMENT '描述',
  PRIMARY KEY (`id`),
  UNIQUE KEY `jobid` (`job_id`) USING BTREE,
  UNIQUE KEY `name_group` (`job_name`,`job_group`) USING BTREE
) ENGINE=InnoDB DEFAULT CHARSET=utf8 COMMENT='定时任务表';

-- ----------------------------
--  Records of `b_task`
-- ----------------------------
BEGIN;
INSERT INTO `b_task` VALUES ('6b5de503-259d-11e7-8951-00163e122bb0', '1006', '每月初自动生成团费订单', 'order', '59 59 23 L * ? *', '1', '每月自动生成团费订单\r\n\r\n59 59 23 L * ? *');
COMMIT;

-- ----------------------------
--  Table structure for `b_user_oauth`
-- ----------------------------
DROP TABLE IF EXISTS `b_user_oauth`;
CREATE TABLE `b_user_oauth` (
  `id` varchar(50) NOT NULL COMMENT 'id',
  `user_id` varchar(50) NOT NULL COMMENT '用户ID',
  `type` int(11) NOT NULL COMMENT '1:qq 2:sina',
  `open_id` varchar(100) NOT NULL COMMENT 'openid',
  `access_token` varchar(255) NOT NULL COMMENT 'access_token',
  `create_time` datetime NOT NULL COMMENT '创建时间',
  PRIMARY KEY (`id`)
) ENGINE=InnoDB DEFAULT CHARSET=utf8 COMMENT='用户第三方登录表';

-- ----------------------------
--  Records of `b_user_oauth`
-- ----------------------------
BEGIN;
INSERT INTO `b_user_oauth` VALUES ('54f7346857d04477a351d2ae8fcccc59', '12008059', '3', 'onNgkxPPdDicz7KywoafCCsfKk0g', '0m7sRe7YocJusYJ80oS9NrEMbYI_1XhWIuqPUyxCB-VP3zN1Rl29R4aumhwrpMMHS2O7PBJ8tIpNfNRGmPPSBHPwofd2sQ8zOf53F3edjd0', '2017-07-10 10:55:18'), ('ed983832d7a84ce3a7e1e5f4f547b229', '67421258', '3', 'onNgkxIgvQkntIfXywtFSqGFbMFw', 'r0NUdiQdKApYnkC-zfRmcaI7XheZAm_r69aos5ZsTmjMQSim2b_PxP9sl7Dll1vo_EfBwJGODhHOOVl-XPh1iwOjWHLjYKD9e5YXItEUjyo', '2017-07-07 17:18:56');
COMMIT;

-- ----------------------------
--  Table structure for `f_banner`
-- ----------------------------
DROP TABLE IF EXISTS `f_banner`;
CREATE TABLE `f_banner` (
  `id` varchar(50) NOT NULL,
  `title` varchar(50) NOT NULL COMMENT '标题',
  `type` int(1) NOT NULL COMMENT '轮播图类型（1：约战  2:发现 3:篮球圈  4:商城）',
  `jump_url` varchar(255) DEFAULT NULL COMMENT '跳转地址',
  `img` varchar(255) NOT NULL COMMENT '图片',
  `rank` int(11) DEFAULT '999' COMMENT '排序（数字越小越靠前）',
  `state` int(11) DEFAULT '1' COMMENT '状态（0：不可用，1：可用）',
  `create_time` datetime NOT NULL COMMENT '创建时间',
  PRIMARY KEY (`id`)
) ENGINE=InnoDB DEFAULT CHARSET=utf8 COMMENT='图片轮播';

-- ----------------------------
--  Records of `f_banner`
-- ----------------------------
BEGIN;
INSERT INTO `f_banner` VALUES ('2017062210310827003', '1', '1', null, 'c7f0ddb804e945108d34843be9fc76fb', null, '1', '2017-06-22 10:31:08'), ('2017062210311386004', '2', '2', null, 'c7f0ddb804e945108d34843be9fc76fb', null, '1', '2017-06-22 10:31:13'), ('2017062210311950005', '3', '3', null, 'c7f0ddb804e945108d34843be9fc76fb', null, '1', '2017-06-22 10:31:19'), ('2017062210312541006', '4', '4', null, 'd383f6890163428f8d2717bdb0bcba15', null, '1', '2017-06-22 10:31:25'), ('2017071310191402012', '5', '2', null, 'fb65e3b0579d4cf5a4c45e1b635e9b00', null, '1', '2017-07-13 10:19:14'), ('2017071310192556013', '7', '1', null, 'a983cffcdbd3486986ec99a053d466ec', null, '1', '2017-07-13 10:19:25'), ('2017071310235317014', '6', '3', null, '2770cdd70f47462aa5357564a1981a15', null, '1', '2017-07-13 10:23:53');
COMMIT;

-- ----------------------------
--  Table structure for `f_game`
-- ----------------------------
DROP TABLE IF EXISTS `f_game`;
CREATE TABLE `f_game` (
  `id` varchar(50) NOT NULL,
  `user_id` varchar(50) NOT NULL COMMENT '组织者id',
  `tel` varchar(20) DEFAULT NULL COMMENT '联系电话',
  `theme` varchar(50) DEFAULT NULL COMMENT '比赛主题',
  `game_type_id` varchar(50) DEFAULT NULL COMMENT '备注',
  `play_time` datetime DEFAULT NULL ON UPDATE CURRENT_TIMESTAMP,
  `game_place_id` varchar(50) DEFAULT NULL COMMENT '项目类型名称',
  `remark` varchar(500) DEFAULT NULL COMMENT '比赛介绍',
  `update_time` datetime DEFAULT NULL ON UPDATE CURRENT_TIMESTAMP COMMENT '更新时间',
  `game_detail_id` varchar(50) DEFAULT NULL,
  `state` int(10) DEFAULT NULL COMMENT '0:待审核 1:待应战 2:约战中 3:已经约战 ',
  `create_time` datetime DEFAULT NULL COMMENT '创建时间',
  PRIMARY KEY (`id`)
) ENGINE=InnoDB DEFAULT CHARSET=utf8 COMMENT='缴费项目';

-- ----------------------------
--  Records of `f_game`
-- ----------------------------
BEGIN;
INSERT INTO `f_game` VALUES ('31905070', '67421258', '123123', '常州软件园比赛', '3', '2017-07-13 11:21:00', '2017071309071699001', '快来比赛吧', null, null, '0', '2017-07-13 11:18:33'), ('80444921', '67421258', '123123', '常州软件园比赛', '3', '2017-07-13 11:21:00', '2017071309071699001', '快来比赛吧', null, null, '1', '2017-07-13 11:19:06'), ('88711664', '67421258', '123123', '常州软件园比赛', '3', '2017-07-13 11:21:00', '2017071309071699001', '快来比赛吧', null, null, '0', '2017-07-13 11:18:57');
COMMIT;

-- ----------------------------
--  Table structure for `f_game_detail`
-- ----------------------------
DROP TABLE IF EXISTS `f_game_detail`;
CREATE TABLE `f_game_detail` (
  `id` varchar(50) NOT NULL,
  `type` int(1) DEFAULT NULL COMMENT '0:约战方 1:应战方',
  `amount` decimal(10,2) DEFAULT NULL COMMENT '比赛费用',
  `pay_time` datetime DEFAULT NULL ON UPDATE CURRENT_TIMESTAMP COMMENT '支付时间',
  `pay_method` varchar(255) DEFAULT NULL COMMENT '付款方式（支付宝：alipay，微信：wxpay）',
  `pay_state` int(1) DEFAULT NULL COMMENT '支付状态（0：未付款 1：已付款）',
  `user_id` varchar(50) DEFAULT NULL COMMENT '付款人id',
  `game_id` varchar(50) DEFAULT NULL COMMENT '比赛id',
  `create_time` datetime DEFAULT NULL ON UPDATE CURRENT_TIMESTAMP COMMENT '创建时间',
  `trade_no` varchar(50) DEFAULT NULL COMMENT '支付宝交易号',
  PRIMARY KEY (`id`)
) ENGINE=InnoDB DEFAULT CHARSET=utf8;

-- ----------------------------
--  Records of `f_game_detail`
-- ----------------------------
BEGIN;
INSERT INTO `f_game_detail` VALUES ('3962671ca2964957a92fff71f7c5be1d', '0', '45.00', null, null, '0', '67421258', '88711664', '2017-07-13 11:18:57', null), ('8973c40f30d94fc6bea7854dd0e57fad', '0', '0.01', '2017-07-13 11:19:17', 'alipay', '1', '67421258', '80444921', '2017-07-13 11:19:06', '2017071321001004380237957714'), ('b6397734221142a7ad452f8bb6c355ef', '0', '45.00', null, null, '0', '67421258', '31905070', '2017-07-13 11:18:33', null);
COMMIT;

-- ----------------------------
--  Table structure for `f_game_place`
-- ----------------------------
DROP TABLE IF EXISTS `f_game_place`;
CREATE TABLE `f_game_place` (
  `id` varchar(50) NOT NULL,
  `address` varchar(50) DEFAULT NULL COMMENT '所在地',
  `city_code` int(11) NOT NULL COMMENT '城市code',
  `place` varchar(50) DEFAULT NULL COMMENT '球场名',
  `lng` varchar(255) DEFAULT NULL COMMENT '经度',
  `lat` varchar(255) DEFAULT NULL COMMENT '纬度',
  `img` varchar(255) DEFAULT NULL COMMENT '场馆图',
  `create_time` datetime NOT NULL ON UPDATE CURRENT_TIMESTAMP COMMENT '所在城市code',
  PRIMARY KEY (`id`)
) ENGINE=InnoDB DEFAULT CHARSET=utf8;

-- ----------------------------
--  Records of `f_game_place`
-- ----------------------------
BEGIN;
INSERT INTO `f_game_place` VALUES ('1', '江苏省常州市新北区', '320400', '世茂香槟篮球场', null, null, 'a5be667ccb1e48cc945c60080a3f316c', '2017-07-13 08:58:16'), ('2017071309071699001', '新北区', '320400', '创意软件园篮球场', null, null, '3f89e8ced93547909bb75a33eec0d9d6', '2017-07-13 09:07:16');
COMMIT;

-- ----------------------------
--  Table structure for `f_game_player`
-- ----------------------------
DROP TABLE IF EXISTS `f_game_player`;
CREATE TABLE `f_game_player` (
  `id` varchar(50) NOT NULL,
  `game_id` varchar(50) NOT NULL COMMENT '比赛id',
  `user_id` varchar(50) NOT NULL COMMENT '用户id',
  `is_captain` int(1) DEFAULT NULL COMMENT '0:否  1:是',
  `goal` int(11) DEFAULT NULL COMMENT '得分',
  `assists` int(11) DEFAULT NULL COMMENT '助攻',
  `rebounds` int(11) DEFAULT NULL COMMENT '篮板',
  `steals` int(11) DEFAULT NULL COMMENT '抢断',
  `block` int(11) DEFAULT NULL COMMENT '封盖',
  `type` int(1) DEFAULT NULL COMMENT '0:约战方 1:应战方',
  `create_time` datetime NOT NULL ON UPDATE CURRENT_TIMESTAMP COMMENT '创建时间',
  PRIMARY KEY (`id`)
) ENGINE=InnoDB DEFAULT CHARSET=utf8;

-- ----------------------------
--  Records of `f_game_player`
-- ----------------------------
BEGIN;
INSERT INTO `f_game_player` VALUES ('1621abe909d144518574e15a2c1366be', '80444921', '12008059', '0', null, null, null, null, null, '0', '2017-07-13 11:19:06'), ('426019fc5cca4e4bb8f7bd1fc88444bd', '88711664', '67421258', '1', null, null, null, null, null, '0', '2017-07-13 11:18:57'), ('52e38e6b6bdc4e32885fea439f12b373', '88711664', '93407788', '0', null, null, null, null, null, '0', '2017-07-13 11:18:57'), ('5f429d84875e4956a3d50385b80ad8fc', '80444921', '67421258', '1', null, null, null, null, null, '0', '2017-07-13 11:19:06'), ('66187a1bcf3e452b9185aff586a7d11e', '31905070', '67421258', '1', null, null, null, null, null, '0', '2017-07-13 11:18:33'), ('7b563041b00a4a7987c6b33f3a6a8801', '80444921', '93407788', '0', null, null, null, null, null, '0', '2017-07-13 11:19:06'), ('acfd2ec72af54e0882581a579669dfe7', '31905070', '12008059', '0', null, null, null, null, null, '0', '2017-07-13 11:18:33'), ('de23d609703c4c928512891d714ed902', '31905070', '93407788', '0', null, null, null, null, null, '0', '2017-07-13 11:18:33'), ('ea3c66168ef54c32a61402ff652b48b0', '88711664', '12008059', '0', null, null, null, null, null, '0', '2017-07-13 11:18:57');
COMMIT;

-- ----------------------------
--  Table structure for `f_game_type`
-- ----------------------------
DROP TABLE IF EXISTS `f_game_type`;
CREATE TABLE `f_game_type` (
  `id` varchar(50) NOT NULL,
  `name` varchar(20) NOT NULL COMMENT '类型名称',
  `create_time` datetime DEFAULT NULL COMMENT '创建时间',
  `rank` int(11) DEFAULT NULL COMMENT '排序',
  `state` int(11) DEFAULT '1' COMMENT '是否可用（0：不可用，1：可用）',
  `number` int(11) DEFAULT NULL COMMENT '比赛金额',
  `amount` decimal(11,2) DEFAULT NULL COMMENT '比赛费用',
  PRIMARY KEY (`id`)
) ENGINE=InnoDB DEFAULT CHARSET=utf8 COMMENT='缴费项目类型';

-- ----------------------------
--  Records of `f_game_type`
-- ----------------------------
BEGIN;
INSERT INTO `f_game_type` VALUES ('1', '1v1', '2017-05-24 10:39:30', '1', '1', '2', '50.00'), ('3', '3v3', '2017-06-13 10:30:33', '3', '1', '6', '45.00'), ('4', '4v4', '2017-06-13 10:30:36', '4', '1', '8', '60.00'), ('5', '5v5', '2017-06-13 10:30:39', '5', '1', '10', '75.00');
COMMIT;

-- ----------------------------
--  Table structure for `f_message`
-- ----------------------------
DROP TABLE IF EXISTS `f_message`;
CREATE TABLE `f_message` (
  `id` varchar(50) NOT NULL COMMENT 'id',
  `title` varchar(100) DEFAULT NULL COMMENT '标题',
  `content` varchar(100) DEFAULT NULL COMMENT '内容',
  `state` int(11) DEFAULT NULL COMMENT '1:未发送 2:已发送',
  `create_time` datetime NOT NULL COMMENT '创建时间',
  PRIMARY KEY (`id`)
) ENGINE=InnoDB DEFAULT CHARSET=utf8 COMMENT='消息推送表';

-- ----------------------------
--  Records of `f_message`
-- ----------------------------
BEGIN;
INSERT INTO `f_message` VALUES ('2a94fb2b257a4633b955047250bb39b5', '', '南山南 北风北 南山有谷堆', '2', '2016-01-20 17:17:00'), ('40932e415e62445a8358812e70ddc336', '73143668', '尊敬的VIP客户，您好！本台最新推出直飞韩国特价机票，请关注！', '1', '2016-01-21 15:05:52'), ('7463554a2ac54efeb6ef4f9147587ad5', '100', '1', '2', '2016-07-22 14:45:04'), ('8a2a4ff6ba5f42c8bf85cbba27b3202a', null, '热烈庆祝电商2期进入测试阶段', '2', '2016-01-20 17:16:39'), ('b81929e9c1ae4d4bb455dd2d5d52e7d4', '', '龙城驿站新品上新，欢迎各位小主的光临哦！', '2', '2016-04-07 14:36:23'), ('f6e6944a5412405086227f5c51788861', '', '积分中奖：中奖了？怎么办？可以到优斗士公司前台登记领奖', '2', '2016-01-20 17:17:49'), ('fcb46ed2b2334e28baeaa150eb3dbf62', '89576493', '测试一下 能不能收到呢', '2', '2016-03-01 09:09:29');
COMMIT;

-- ----------------------------
--  Table structure for `f_notify`
-- ----------------------------
DROP TABLE IF EXISTS `f_notify`;
CREATE TABLE `f_notify` (
  `id` varchar(50) NOT NULL COMMENT 'id',
  `user_id` varchar(50) DEFAULT NULL COMMENT '用户id',
  `title` varchar(100) NOT NULL COMMENT '标题',
  `is_read` int(11) DEFAULT '0' COMMENT '1:已经 0:未读',
  `content` varchar(500) DEFAULT NULL,
  `redirect_type` int(11) DEFAULT '0' COMMENT '0:不跳转 1:url',
  `friend_id` varchar(50) DEFAULT NULL COMMENT '好友id',
  `redirect_content` varchar(200) DEFAULT '' COMMENT '跳转内容',
  `state` int(11) DEFAULT NULL COMMENT '0:待审核 1:同意 2:拒绝',
  `create_time` datetime NOT NULL COMMENT '创建时间',
  `update_time` datetime DEFAULT NULL ON UPDATE CURRENT_TIMESTAMP COMMENT '更新时间',
  PRIMARY KEY (`id`)
) ENGINE=InnoDB DEFAULT CHARSET=utf8 COMMENT='消息表 _new(这里群发当公告使用不再插入user_notify表中)';

-- ----------------------------
--  Records of `f_notify`
-- ----------------------------
BEGIN;
INSERT INTO `f_notify` VALUES ('095676b9cbb4490794ec20ced1721133', '762a4c44255c4ac3b7193c0019eb84f6', '添加好友请求', '1', '\'八风乘舟\'请求添加您为好友', '0', '93407788', '', '1', '2017-07-07 16:16:43', '2017-07-07 16:17:33'), ('0e771eb9014e4d079443b73748f17433', '76127849', '添加好友请求', '1', '\'Mywan\'请求添加您为好友', '0', '12008059', '', '1', '2017-07-10 10:56:46', '2017-07-10 10:56:50'), ('1a66ae144b174ea2aeb1931353c3506c', '93407788', '添加好友请求', '1', '\'八风乘舟\'请求添加您为好友', '0', '93407788', '', '0', '2017-07-07 16:25:29', '2017-07-07 16:26:50'), ('21f8fc4dfced4e0485fbf21cfb2622e9', '67421258', '添加好友请求', '1', '\'八风乘舟\'请求添加您为好友', '0', '93407788', '', '1', '2017-07-07 17:21:19', '2017-07-07 17:21:28'), ('4d2b6996aa58433a8ee9e1f4fcd71bda', '76127849', '添加好友请求', '1', '\'八风乘舟\'请求添加您为好友', '0', '93407788', '', '1', '2017-07-07 16:36:07', '2017-07-07 16:36:11'), ('5999e92bff1647a194deb1b404190064', '76127849', '添加好友请求', '1', '\'HY\'请求添加您为好友', '0', '762a4c44255c4ac3b7193c0019eb84f6', '', '2', '2017-07-07 16:22:14', '2017-07-07 16:26:06'), ('59ed40e46aa446c0bea202936be60813', '93407788', '添加好友请求', '1', '\'Mywan\'请求添加您为好友', '0', '12008059', '', '1', '2017-07-10 11:05:32', '2017-07-10 11:05:37'), ('6a2e0b284e3b4322bf2a9f6692f5b15c', '762a4c44255c4ac3b7193c0019eb84f6', '添加好友请求', '1', '\'八风乘舟\'请求添加您为好友', '0', '93407788', '', '2', '2017-07-07 16:16:27', '2017-07-07 16:17:37'), ('6a33b209f49043bfb5e4da8bc5e5ac77', '76127849', '添加好友请求', '1', '\'Mywan\'请求添加您为好友', '0', '12008059', '', '2', '2017-07-10 10:56:11', '2017-07-10 10:56:29'), ('6ddb1d8e1dee4f198576345db3f9fa72', '76127849', '添加好友请求', '1', '\'HY\'请求添加您为好友', '0', '762a4c44255c4ac3b7193c0019eb84f6', '', '1', '2017-07-07 16:25:43', '2017-07-07 16:25:59'), ('770639dcdeb34ddb9ec7740e3baf7ae0', '93407788', '添加好友请求', '1', '\'八风乘舟\'请求添加您为好友', '0', '93407788', '', '0', '2017-07-07 16:35:34', '2017-07-10 09:28:24'), ('7b1bdedfea354aa58e66f1913e8eaec3', '76127849', '添加好友请求', '1', '\'HY\'请求添加您为好友', '0', '67421258', '', '1', '2017-07-07 17:19:11', '2017-07-07 17:19:56'), ('98904f077d184b31a7395a637ab1ca30', '76127849', '添加好友请求', '1', '\'HY\'请求添加您为好友', '0', '762a4c44255c4ac3b7193c0019eb84f6', '', '2', '2017-07-07 16:22:19', '2017-07-07 16:26:02'), ('b45b1847913743c9a3eeb4aba854365a', '76127849', '添加好友请求', '1', '\'HY\'请求添加您为好友', '0', '762a4c44255c4ac3b7193c0019eb84f6', '', '1', '2017-07-07 15:57:56', '2017-07-07 16:00:20'), ('b889d99c902248b9bfce4bb8f23b4c30', '93407788', '添加好友请求', '1', '\'八风乘舟\'请求添加您为好友', '0', '93407788', '', '0', '2017-07-07 17:00:04', '2017-07-10 09:28:26'), ('d000ea24fb9944429b4a5bf24e1970da', '93407788', '添加好友请求', '1', '\'八风乘舟\'请求添加您为好友', '0', '93407788', '', '1', '2017-07-07 16:25:36', '2017-07-07 16:26:55'), ('febc6098f49a4402a24151459c94424c', '67421258', '添加好友请求', '1', '\'Mywan\'请求添加您为好友', '0', '12008059', '', '1', '2017-07-10 10:55:51', '2017-07-10 10:55:57');
COMMIT;

-- ----------------------------
--  Table structure for `f_order`
-- ----------------------------
DROP TABLE IF EXISTS `f_order`;
CREATE TABLE `f_order` (
  `id` varchar(50) NOT NULL COMMENT 'id',
  `user_id` varchar(50) NOT NULL COMMENT '用户id',
  `product_id` varchar(50) DEFAULT NULL COMMENT '商品id',
  `title` varchar(50) DEFAULT NULL COMMENT '商品名称',
  `score` int(11) DEFAULT NULL COMMENT '积分',
  `state` int(11) NOT NULL COMMENT '订单状态（0:待审核,1:兑换成功）',
  `remark` text COMMENT '备注',
  `create_time` datetime NOT NULL COMMENT '创建时间',
  `update_time` datetime DEFAULT NULL ON UPDATE CURRENT_TIMESTAMP COMMENT '审核时间',
  PRIMARY KEY (`id`)
) ENGINE=InnoDB DEFAULT CHARSET=utf8 COMMENT='缴费订单';

-- ----------------------------
--  Records of `f_order`
-- ----------------------------
BEGIN;
INSERT INTO `f_order` VALUES ('292e705fe296457ab2ffe92e51354cd7', '76127849', '2017062210265722001', '芬达', '1', '1', 'Ghjgfds', '2017-07-08 11:15:27', null), ('87ab1a6066e7427b9d0f7a41ab9f7c21', '67421258', '2017062210265722001', '芬达', '1', '1', 'hj', '2017-07-08 11:12:54', null), ('98e0f1e042b14f21838d6c2343585449', '76127849', '2017062210265722001', '芬达', '1', '1', 'efgghhgdffgghhefgghhg', '2017-07-08 11:12:37', null), ('c5462c1a8f9d43f6860b6ac94d7e0781', '67421258', '2017062215071497001', 'AJ球鞋模型钟表', '350', '1', 'jj', '2017-07-12 16:44:07', null);
COMMIT;

-- ----------------------------
--  Table structure for `f_product`
-- ----------------------------
DROP TABLE IF EXISTS `f_product`;
CREATE TABLE `f_product` (
  `id` varchar(50) NOT NULL,
  `title` varchar(255) NOT NULL COMMENT '商品标题',
  `score` int(11) NOT NULL COMMENT '所需积分',
  `img` varchar(255) DEFAULT NULL COMMENT '商品图片',
  `state` int(1) NOT NULL DEFAULT '0' COMMENT 'state（0:下架 1:上 架）',
  `stock` int(11) DEFAULT NULL COMMENT '库存',
  `info` text COMMENT '商品信息',
  `create_time` datetime NOT NULL ON UPDATE CURRENT_TIMESTAMP,
  PRIMARY KEY (`id`)
) ENGINE=InnoDB DEFAULT CHARSET=utf8;

-- ----------------------------
--  Records of `f_product`
-- ----------------------------
BEGIN;
INSERT INTO `f_product` VALUES ('2017062210265722001', '准者篮球护指', '50', '511d057763e64aa48123bcbca475887a', '1', '107', '<p>\r\n	黑色单只装 S/M和L/XL可选(兑换时备注请说明。)\r\n</p>', '2017-07-12 14:05:19'), ('2017062215071497001', 'AJ球鞋模型钟表', '350', 'ef20914176204c1ab377dc558a8f878a', '1', '109', '<p>\r\n	<span style=\"color:#FFFFFF;\">20英寸以上，黑色白色两款(兑换时备注请说明。)</span> \r\n</p>', '2017-07-12 17:31:36'), ('2017062215100564002', '篮球腿部弹跳爆发力量拉力绳。', '230', '16b3e2ce8388443b90dc15d858470b3a', '1', '110', '120磅&nbsp; 90磅&nbsp; 70磅&nbsp; 50磅（请根据实际情况选择适当的练习，兑换时备注里请选择）', '2017-07-11 14:01:13'), ('2017071214513241002', 'Nike 耐克Kyrie 3 iD', '1099', '9d5816db3f5d47d7bbab741c6a748471', '1', '9999', '<p>\r\n	<span style=\"color:#000000;\">请先登录官网：</span><span style=\"color:#000000;\">https://www.nike.com/cn/zh_cn/c/nikeid</span><span style=\"color:#ffffff;\"><span style=\"color:#000000;\">选择定制篮球鞋，选择Kyrie 3 iD进行定制主要操作请添加QQ：1740595599；</span></span><span class=\"s1\">微信</span>15961488260<span class=\"s1\">查看</span><span style=\"color:#ffffff;\"><span style=\"color:#000000;\"><span style=\"color:#000000;\">详细操作。</span></span></span><strong><span style=\"color:#000000;\">（</span></strong><strong><span style=\"color:#000000;\">务必在看完操作之后再点击</span></strong><strong><span style=\"color:#000000;\">兑换否则无效！）</span></strong> \r\n</p>\r\n<p>\r\n	<strong><span style=\"color:#000000;\"><br />\r\n</span></strong>\r\n</p>', '2017-07-13 08:38:53'), ('2017071214582966003', 'Nike  耐克Kyrie 2 iD', '1099', '18b404a27e1443b19fe3a42faef6ac0f', '1', '999', '<p>\r\n	<span style=\"background-color:#ffffff;\">请先登录官网：</span><span style=\"background-color:#ffffff;\">https://www.nike.com/cn/zh_cn/c/nikeid</span><span style=\"background-color:#ffffff;\">选择定制篮球鞋，选择Kyrie&nbsp;2 iD进行定制主要操作请添加qq：1740595599/微信15961488260查看详细操作。</span><strong><span style=\"background-color:#ffffff;\">（</span></strong><strong><span style=\"background-color:#ffffff;\">务必在看完操作之后再点击</span></strong><strong><span style=\"background-color:#ffffff;\">兑换否则无效！）</span></strong> \r\n</p>\r\n<p>\r\n	<span style=\"background-color:#ffffff;\">&nbsp;</span>\r\n</p>', '2017-07-12 15:19:59'), ('2017071215040647004', 'Nike  耐克Kobe A.D.iD', '1299', '63ce1307bcdb4a7fbbca9e1a2ab75349', '1', '999', '<p>\r\n	<span style=\"color:#ffffff;\">请先登录官网：</span><span style=\"color:#ffffff;\">https://www.nike.com/cn/zh_cn/c/nikeid</span><span style=\"color:#ffffff;\">选择定制篮球鞋，选择</span><span style=\"color:#ffffff;background-color:#ffffff;\">Kobe A.D.iD</span><span style=\"color:#ffffff;\">进行定制主要操作请添加qq：1740595599/微信15961488260查看详细操作。</span><strong><span style=\"color:#ffffff;\">（</span></strong><strong><span style=\"color:#ffffff;\">务必在看完操作之后再点击</span></strong><strong><span style=\"color:#ffffff;\">兑换否则无效！）</span></strong> \r\n</p>\r\n<p>\r\n	<span style=\"color:#ffffff;\">&nbsp;</span>\r\n</p>', '2017-07-12 15:20:15'), ('2017071215075302005', 'Nike  耐克Zoom LeBron Soldier 10 iD', '1399', '619c6db8e3dc4efd9f32dfcac7008421', '1', '999', '<p>\r\n	<span style=\"color:#ffffff;\">请先登录官网：</span><span style=\"color:#ffffff;\">https://www.nike.com/cn/zh_cn/c/nikeid</span><span style=\"color:#ffffff;\">选择定制篮球鞋，选择Zoom LeBron Soldier 10 iD进行定制主要操作请添加qq：1740595599/微信15961488260查看详细操作。</span><strong><span style=\"color:#ffffff;\">（</span></strong><strong><span style=\"color:#ffffff;\">务必在看完操作之后再点击</span></strong><strong><span style=\"color:#ffffff;\">兑换否则无效！）</span></strong> \r\n</p>', '2017-07-12 15:20:30'), ('2017071215151706006', 'NBA 手环', '50', '9407cf67fb0c4b37aa9cb9019f69e21a', '1', '999', '<p>\r\n	图上颜色全（备注请说明哪个队伍）\r\n</p>', '2017-07-12 15:15:17'), ('23232132332323', '李宁韦德篮球', '150', '23ea3ea53f2e4f419d15424d994357c5', '1', '104', '<p>\r\n	橙色、绿色、蓝色、黑色、红色、灰色7号球可选（兑换时备注说明。）\r\n</p>', '2017-07-12 14:04:34'), ('2323435342343254454', 'Nike 耐克PG 1 ID', '1049', 'b2650083c2904131ad0bf75ae4924c0e', '1', '107', '<p>\r\n	<span style=\"color:#ffffff;\">请先登录官网：</span><span style=\"color:#ffffff;\">https://www.nike.com/cn/zh_cn/c/nikeid</span><span style=\"color:#ffffff;\">选择定制篮球鞋，选择PG 1 ID进行定制主要操作请添加qq：1740595599/微信15961488260查看详细操作。</span><strong><span style=\"color:#ffffff;\">（</span></strong><strong><span style=\"color:#ffffff;\">务必在看完操作之后再点击</span></strong><strong><span style=\"color:#ffffff;\">兑换否则无效！）</span></strong> \r\n</p>', '2017-07-12 15:20:47');
COMMIT;

-- ----------------------------
--  Table structure for `f_social`
-- ----------------------------
DROP TABLE IF EXISTS `f_social`;
CREATE TABLE `f_social` (
  `id` varchar(50) NOT NULL,
  `img` varchar(255) DEFAULT NULL COMMENT '图片',
  `content` varchar(255) CHARACTER SET utf8mb4 NOT NULL COMMENT '内容',
  `user_id` varchar(50) NOT NULL,
  `create_time` datetime DEFAULT NULL ON UPDATE CURRENT_TIMESTAMP,
  PRIMARY KEY (`id`)
) ENGINE=InnoDB DEFAULT CHARSET=utf8;

-- ----------------------------
--  Records of `f_social`
-- ----------------------------
BEGIN;
INSERT INTO `f_social` VALUES ('26db4c2f41ae41b6a34efeb52330ccfd', '1c9f70d15f824f5dba2f81174f7fab1b', '可以篮球约战，哎哟不错哦', '12008059', '2017-07-13 09:18:11'), ('6ef9df6be73d4a598837e59013179b74', '0c9c36d65e284d288789c88f0de82ea7', '科比', '67421258', '2017-07-13 09:25:42');
COMMIT;

-- ----------------------------
--  Table structure for `f_social_reply`
-- ----------------------------
DROP TABLE IF EXISTS `f_social_reply`;
CREATE TABLE `f_social_reply` (
  `id` varchar(50) NOT NULL,
  `social_id` varchar(50) DEFAULT NULL,
  `critic` varchar(50) DEFAULT NULL COMMENT '评论人（user_id）',
  `target` varchar(50) DEFAULT NULL COMMENT '回复对象（user_id）',
  `content` varchar(1025) CHARACTER SET utf8mb4 DEFAULT NULL COMMENT '回复内容',
  `create_time` datetime DEFAULT NULL ON UPDATE CURRENT_TIMESTAMP,
  PRIMARY KEY (`id`)
) ENGINE=InnoDB DEFAULT CHARSET=utf8;

-- ----------------------------
--  Table structure for `f_social_upvote`
-- ----------------------------
DROP TABLE IF EXISTS `f_social_upvote`;
CREATE TABLE `f_social_upvote` (
  `id` varchar(50) NOT NULL,
  `user_id` varchar(50) NOT NULL,
  `social_id` varchar(50) NOT NULL,
  `create_time` datetime DEFAULT NULL ON UPDATE CURRENT_TIMESTAMP,
  PRIMARY KEY (`id`)
) ENGINE=InnoDB DEFAULT CHARSET=utf8;

-- ----------------------------
--  Records of `f_social_upvote`
-- ----------------------------
BEGIN;
INSERT INTO `f_social_upvote` VALUES ('69701426', '67421258', '26db4c2f41ae41b6a34efeb52330ccfd', '2017-07-13 09:25:52'), ('84888368', '67421258', '6ef9df6be73d4a598837e59013179b74', '2017-07-13 09:25:50'), ('92254339', '12008059', '26db4c2f41ae41b6a34efeb52330ccfd', '2017-07-13 09:18:24');
COMMIT;

-- ----------------------------
--  Table structure for `f_user`
-- ----------------------------
DROP TABLE IF EXISTS `f_user`;
CREATE TABLE `f_user` (
  `id` varchar(50) NOT NULL,
  `account` varchar(20) NOT NULL COMMENT '帐号（手机号码）',
  `password` varchar(50) DEFAULT NULL COMMENT '密码',
  `name` varchar(50) DEFAULT NULL COMMENT '昵称',
  `gender` int(1) DEFAULT '1' COMMENT '性别（0：女，1：男）',
  `birthday` varchar(50) DEFAULT NULL COMMENT '生日',
  `height` varchar(20) DEFAULT NULL COMMENT '身高',
  `weight` varchar(20) DEFAULT NULL COMMENT '体重',
  `weixin` varchar(50) DEFAULT NULL COMMENT '微信号',
  `tel` varchar(50) DEFAULT NULL COMMENT '电话',
  `address` varchar(255) DEFAULT NULL COMMENT '所在地区',
  `city_code` int(11) DEFAULT NULL COMMENT '所在城市code',
  `img` varchar(255) NOT NULL COMMENT '头像',
  `total_score` int(11) DEFAULT NULL COMMENT '总积分',
  `score` int(11) DEFAULT '0' COMMENT '兑换积分',
  `role_id` varchar(50) DEFAULT NULL COMMENT '角色id',
  `state` int(1) DEFAULT '0' COMMENT '状态（0：不可用，1：可用）',
  `create_time` datetime DEFAULT NULL COMMENT '创建时间',
  `lng` varchar(255) DEFAULT NULL COMMENT '经度',
  `lat` varchar(255) DEFAULT NULL COMMENT '纬度',
  `goal` int(11) DEFAULT '0' COMMENT '得分',
  `assists` int(11) DEFAULT '0' COMMENT '助攻',
  `rebounds` int(11) DEFAULT '0' COMMENT '篮板',
  `steals` int(11) DEFAULT '0' COMMENT '抢断',
  `block` int(11) DEFAULT '0' COMMENT '封盖',
  `update_time` datetime DEFAULT NULL ON UPDATE CURRENT_TIMESTAMP COMMENT '更新时间',
  `is_verify` int(10) DEFAULT '1',
  PRIMARY KEY (`id`),
  UNIQUE KEY `1` (`account`)
) ENGINE=InnoDB DEFAULT CHARSET=utf8 COMMENT='学生表';

-- ----------------------------
--  Records of `f_user`
-- ----------------------------
BEGIN;
INSERT INTO `f_user` VALUES ('12008059', 'wx_20170710105518', '', 'Mywan', '1', null, '0', '0', 'scofelld', '13961181139', '江苏省 常州市 新北区', '320411', '50c86765dbeb46a3b250246f31b3251a', '12313', '999', '2', '1', '2017-07-10 10:55:18', null, null, '0', '0', '0', '0', '0', '2017-07-13 09:20:04', '1'), ('67421258', 'wx_20170707171856', '', 'HY', '1', null, '0', '0', null, null, '江苏省 常州市 新北区', '320400', '2231849e68604cb680e5454a7833b883', '45243', '999', '1', '1', '2017-07-07 17:18:56', null, null, '0', '0', '0', '0', '0', '2017-07-13 09:49:26', '1'), ('76127849', '15861130238', 'e10adc3949ba59abbe56e057f20f883e', 'Xiaoxiao', '1', null, '0', '0', null, null, '江苏省 常州市 新北区', '320400', '8e0f9c14ec3f49f6b7d934bddaabe017', '345454', '999', '3', '1', '2017-07-07 15:54:43', null, null, '0', '0', '0', '0', '0', '2017-07-13 10:12:26', '1'), ('93407788', '18112335337', 'e10adc3949ba59abbe56e057f20f883e', '八风乘舟', '1', '2017-7-10', '180', '60', null, null, '江苏省 常州市 新北区', null, '50c196428efe4e758bd411ca63a557bc', '34343', '999', '2', '1', '2017-07-07 15:55:34', null, null, '0', '0', '0', '0', '0', '2017-07-12 17:21:54', '1');
COMMIT;

-- ----------------------------
--  Table structure for `f_user_friend`
-- ----------------------------
DROP TABLE IF EXISTS `f_user_friend`;
CREATE TABLE `f_user_friend` (
  `id` varchar(50) NOT NULL,
  `user_id` varchar(50) NOT NULL COMMENT 'user_id',
  `friend` varchar(50) NOT NULL COMMENT 'user_id',
  `create_time` datetime NOT NULL ON UPDATE CURRENT_TIMESTAMP,
  PRIMARY KEY (`id`)
) ENGINE=InnoDB DEFAULT CHARSET=utf8;

-- ----------------------------
--  Records of `f_user_friend`
-- ----------------------------
BEGIN;
INSERT INTO `f_user_friend` VALUES ('24717882', '67421258', '93407788', '2017-07-07 17:21:29'), ('28217343', '76127849', '67421258', '2017-07-07 17:19:57'), ('39280077', '93407788', '12008059', '2017-07-10 11:05:38'), ('42728787', '12008059', '76127849', '2017-07-10 10:56:51'), ('64599489', '67421258', '76127849', '2017-07-07 17:19:57'), ('64832709', '67421258', '12008059', '2017-07-10 10:55:58'), ('66809451', '93407788', '67421258', '2017-07-07 17:21:29'), ('82055788', '76127849', '12008059', '2017-07-10 10:56:51'), ('82579882', '93407788', '76127849', '2017-07-07 16:36:12'), ('84060007', '12008059', '93407788', '2017-07-10 11:05:38'), ('85804663', '12008059', '67421258', '2017-07-10 10:55:58'), ('96151497', '76127849', '93407788', '2017-07-07 16:36:12');
COMMIT;

-- ----------------------------
--  Table structure for `f_user_role`
-- ----------------------------
DROP TABLE IF EXISTS `f_user_role`;
CREATE TABLE `f_user_role` (
  `id` varchar(50) NOT NULL,
  `name` varchar(50) DEFAULT NULL COMMENT '球场角色名称',
  `state` int(1) DEFAULT NULL COMMENT '状态',
  `create_time` datetime DEFAULT NULL ON UPDATE CURRENT_TIMESTAMP COMMENT '创建时间',
  PRIMARY KEY (`id`)
) ENGINE=InnoDB DEFAULT CHARSET=utf8;

-- ----------------------------
--  Records of `f_user_role`
-- ----------------------------
BEGIN;
INSERT INTO `f_user_role` VALUES ('1', '中锋', '1', '2017-06-05 13:06:01'), ('2', '后卫', '1', '2017-06-22 15:02:30'), ('3', '前锋', '1', '2017-06-22 15:02:37');
COMMIT;

-- ----------------------------
--  Table structure for `f_vedio`
-- ----------------------------
DROP TABLE IF EXISTS `f_vedio`;
CREATE TABLE `f_vedio` (
  `id` varchar(50) NOT NULL,
  `title` varchar(255) DEFAULT NULL COMMENT '标题',
  `url` varchar(1025) NOT NULL COMMENT '视频链接',
  `img` varchar(255) DEFAULT NULL COMMENT '封面',
  `rank` int(11) DEFAULT NULL COMMENT '排序',
  `game_id` varchar(50) DEFAULT NULL COMMENT '比赛id',
  `state` int(11) DEFAULT '1' COMMENT '状态（0：不启用  1：启用）',
  `remark` varchar(50) DEFAULT NULL,
  `create_time` datetime DEFAULT NULL ON UPDATE CURRENT_TIMESTAMP,
  PRIMARY KEY (`id`)
) ENGINE=InnoDB DEFAULT CHARSET=utf8;

-- ----------------------------
--  Records of `f_vedio`
-- ----------------------------
BEGIN;
INSERT INTO `f_vedio` VALUES ('2017071309495278010', '科比假动作转身', 'http://player.youku.com/embed/XMTM5OTgwMTky', '06c2caf2c7494df2beaa22219d84b5d9', null, null, '1', null, '2017-07-13 10:11:49'), ('2017071310142255011', '五种篮球过人教学', 'http://player.youku.com/embed/XMjM2Mjc0MTgw', 'd73f3e3876bb4ba1a83452587baa966b', null, null, '1', null, '2017-07-13 10:14:22');
COMMIT;

-- ----------------------------
--  Table structure for `fx_random_code`
-- ----------------------------
DROP TABLE IF EXISTS `fx_random_code`;
CREATE TABLE `fx_random_code` (
  `id` varchar(10) NOT NULL COMMENT 'id',
  `state` int(11) NOT NULL DEFAULT '1' COMMENT '状态1:可用',
  PRIMARY KEY (`id`)
) ENGINE=InnoDB DEFAULT CHARSET=utf8 COMMENT='随机账号库表';

-- ----------------------------
--  Records of `fx_random_code`
-- ----------------------------
BEGIN;
INSERT INTO `fx_random_code` VALUES ('10011494', '0'), ('10091426', '0'), ('10101352', '0'), ('10123870', '0'), ('10169725', '0'), ('10190396', '0'), ('10303784', '0'), ('10459426', '0'), ('10486391', '0'), ('10501303', '0'), ('10537073', '0'), ('10553185', '0'), ('10723773', '0'), ('10732354', '0'), ('10732618', '0'), ('10800750', '0'), ('10858003', '0'), ('10864544', '0'), ('10940171', '0'), ('10955507', '0'), ('10995894', '0'), ('11014199', '0'), ('11038837', '0'), ('11045671', '0'), ('11092956', '0'), ('11166229', '0'), ('11316245', '0'), ('11427728', '0'), ('11457851', '0'), ('11493331', '0'), ('11530266', '0'), ('11610526', '0'), ('11610788', '0'), ('11619844', '0'), ('11805229', '0'), ('11877215', '0'), ('11913082', '0'), ('12008059', '0'), ('12032755', '0'), ('12097141', '0'), ('12347123', '0'), ('12376523', '0'), ('12441472', '0'), ('12450881', '0'), ('12464855', '0'), ('12543058', '0'), ('12608623', '0'), ('12671047', '0'), ('12685417', '0'), ('12756733', '0'), ('12767443', '0'), ('12773184', '0'), ('12871368', '0'), ('12875433', '0'), ('13012592', '0'), ('13022557', '0'), ('13023457', '0'), ('13065570', '0'), ('13160478', '0'), ('13178538', '0'), ('13420878', '0'), ('13424916', '0'), ('13455634', '0'), ('13488916', '0'), ('13542199', '0'), ('13608589', '0'), ('13705285', '0'), ('13747291', '0'), ('13747522', '0'), ('13800495', '0'), ('13896918', '0'), ('13980309', '0'), ('14098722', '0'), ('14289175', '0'), ('14294385', '0'), ('14357122', '0'), ('14368689', '0'), ('14790918', '0'), ('14801806', '0'), ('14847937', '1'), ('14853154', '0'), ('14881211', '1'), ('14924221', '0'), ('15000231', '0'), ('15018949', '0'), ('15077929', '0'), ('15203634', '0'), ('15219854', '0'), ('15242776', '0'), ('15310853', '0'), ('15337636', '0'), ('15598349', '0'), ('15613569', '0'), ('15618396', '0'), ('15699994', '0'), ('16095823', '0'), ('16187547', '0'), ('16280308', '0'), ('16325192', '0'), ('16336800', '0'), ('16355036', '0'), ('16384254', '0'), ('16405645', '0'), ('16472128', '0'), ('16542575', '0'), ('16621515', '1'), ('16697522', '0'), ('16766346', '0'), ('16771610', '1'), ('16889729', '0'), ('16902705', '1'), ('16910712', '0'), ('16925542', '0'), ('16979061', '0'), ('17049756', '0'), ('17116820', '0'), ('17196033', '0'), ('17250439', '0'), ('17316012', '0'), ('17344159', '0'), ('17524302', '0'), ('17561691', '0'), ('17618105', '0'), ('17632531', '0'), ('17655651', '0'), ('17659087', '0'), ('17675895', '0'), ('17913665', '0'), ('17937864', '0'), ('18016705', '0'), ('18032086', '0'), ('18202681', '0'), ('18348272', '0'), ('18407486', '0'), ('18601361', '0'), ('18663914', '0'), ('18740911', '0'), ('18817117', '0'), ('18820318', '0'), ('18953875', '0'), ('19003459', '0'), ('19054756', '0'), ('19071415', '0'), ('19087486', '0'), ('19107262', '0'), ('19153836', '0'), ('19172152', '0'), ('19181271', '0'), ('19265041', '0'), ('19274136', '0'), ('19313235', '0'), ('19345953', '0'), ('19360280', '0'), ('19510945', '0'), ('19538937', '0'), ('19782768', '0'), ('19876229', '0'), ('19882372', '0'), ('19925755', '0'), ('19930240', '0'), ('19939703', '0'), ('20039365', '0'), ('20152486', '0'), ('20159430', '0'), ('20269688', '0'), ('20279067', '0'), ('20317161', '0'), ('20352542', '0'), ('20371885', '0'), ('20454686', '0'), ('20670469', '0'), ('20726040', '0'), ('20786681', '0'), ('20788558', '0'), ('20814798', '0'), ('20830898', '1'), ('20846910', '0'), ('20863414', '0'), ('20930443', '0'), ('20955319', '0'), ('21068393', '0'), ('21170917', '0'), ('21182501', '0'), ('21204370', '0'), ('21233093', '0'), ('21340854', '0'), ('21605564', '0'), ('21625758', '0'), ('21657132', '0'), ('21694468', '0'), ('21729461', '0'), ('21786164', '0'), ('21795804', '0'), ('21812116', '1'), ('21831842', '0'), ('21894785', '0'), ('21896419', '1'), ('22022410', '0'), ('22138480', '0'), ('22179157', '1'), ('22187706', '0'), ('22188467', '0'), ('22202237', '0'), ('22203995', '0'), ('22222963', '0'), ('22317032', '0'), ('22325071', '0'), ('22376304', '0'), ('22444001', '0'), ('22515013', '0'), ('22638409', '0'), ('22724912', '0'), ('22763789', '0'), ('22801454', '0'), ('22844824', '0'), ('22847280', '0'), ('22912305', '0'), ('22919519', '0'), ('23075373', '0'), ('23098652', '0'), ('23099226', '0'), ('23099315', '0'), ('23106232', '0'), ('23121074', '0'), ('23143926', '0'), ('23260273', '0'), ('23295349', '1'), ('23464099', '0'), ('23524827', '0'), ('23655859', '1'), ('23656926', '0'), ('23741085', '0'), ('23761850', '0'), ('23797274', '0'), ('23809609', '1'), ('23861178', '0'), ('23936999', '0'), ('24070558', '0'), ('24095051', '1'), ('24189427', '0'), ('24213002', '0'), ('24260837', '0'), ('24296547', '0'), ('24343055', '0'), ('24387511', '0'), ('24409166', '0'), ('24683085', '0'), ('24717882', '0'), ('24730817', '0'), ('24835387', '0'), ('24856853', '0'), ('24889880', '0'), ('24941910', '0'), ('25100494', '1'), ('25263227', '0'), ('25363199', '0'), ('25366021', '1'), ('25446418', '0'), ('25600264', '0'), ('25609980', '0'), ('25689974', '0'), ('25788898', '0'), ('25819751', '0'), ('25852584', '0'), ('25865074', '0'), ('25909070', '0'), ('25919361', '0'), ('26105823', '0'), ('26120693', '0'), ('26201870', '0'), ('26246611', '0'), ('26296292', '0'), ('26310165', '0'), ('26341099', '0'), ('26569786', '0'), ('26601532', '0'), ('26650896', '0'), ('26738639', '0'), ('26764554', '0'), ('26794032', '0'), ('26833865', '0'), ('26866822', '0'), ('26904385', '0'), ('26982670', '0'), ('26985738', '0'), ('27028673', '0'), ('27068629', '0'), ('27090831', '0'), ('27178962', '0'), ('27224763', '0'), ('27234370', '0'), ('27246713', '0'), ('27272873', '0'), ('27316284', '0'), ('27537733', '0'), ('27602005', '0'), ('27670741', '0'), ('27678031', '0'), ('27767719', '0'), ('27783469', '0'), ('27847298', '0'), ('27882518', '0'), ('27970244', '0'), ('27993492', '0'), ('28014698', '0'), ('28055181', '0'), ('28104324', '1'), ('28146331', '0'), ('28150932', '0'), ('28217343', '0'), ('28262498', '0'), ('28306417', '0'), ('28325523', '0'), ('28406153', '0'), ('28418663', '0'), ('28426769', '0'), ('28499847', '0'), ('28739873', '0'), ('28760552', '0'), ('28997545', '0'), ('29201025', '0'), ('29218367', '0'), ('29234054', '0'), ('29330718', '0'), ('29395646', '0'), ('29440722', '0'), ('29487391', '0'), ('29627525', '0'), ('29701799', '0'), ('29717197', '0'), ('29831094', '0'), ('29951026', '0'), ('29967745', '0'), ('30017431', '0'), ('30105609', '0'), ('30186253', '0'), ('30246879', '0'), ('30363091', '0'), ('30413606', '0'), ('30419821', '0'), ('30477511', '0'), ('30502838', '0'), ('30506444', '0'), ('30563689', '0'), ('30677598', '1'), ('30740682', '0'), ('30774036', '0'), ('30851355', '0'), ('30856153', '0'), ('30887547', '0'), ('30992171', '0'), ('31063050', '1'), ('31233703', '0'), ('31266507', '0'), ('31339446', '0'), ('31469054', '0'), ('31648424', '0'), ('31663989', '0'), ('31681345', '0'), ('31796585', '0'), ('31870562', '0'), ('31905070', '0'), ('32064250', '1'), ('32156528', '0'), ('32288340', '0'), ('32298614', '0'), ('32405994', '0'), ('32429782', '0'), ('32656853', '0'), ('32658983', '0'), ('32667035', '0'), ('32720330', '0'), ('32793344', '0'), ('32891546', '0'), ('32924037', '0'), ('32938249', '0'), ('32949128', '0'), ('33046042', '0'), ('33133802', '0'), ('33176670', '0'), ('33273291', '0'), ('33303483', '0'), ('33306642', '0'), ('33461122', '0'), ('33472404', '0'), ('33507125', '0'), ('33554835', '0'), ('33566880', '0'), ('33580562', '0'), ('33615278', '1'), ('33664437', '1'), ('33806921', '0'), ('33852003', '0'), ('33869172', '0'), ('33975280', '0'), ('33986001', '0'), ('34034976', '0'), ('34054141', '0'), ('34560047', '0'), ('34568836', '0'), ('34699374', '0'), ('34755848', '0'), ('34823770', '0'), ('34856209', '0'), ('34861238', '0'), ('34874068', '0'), ('34940664', '0'), ('34941859', '0'), ('35130721', '1'), ('35244949', '0'), ('35529054', '1'), ('35596672', '0'), ('35616417', '0'), ('35800174', '0'), ('35952028', '0'), ('35988566', '0'), ('35995105', '0'), ('36036244', '0'), ('36202719', '0'), ('36247396', '0'), ('36372879', '0'), ('36411491', '0'), ('36493591', '0'), ('36734066', '0'), ('36792277', '0'), ('36829864', '0'), ('36877948', '0'), ('36942170', '0'), ('36946143', '0'), ('37052338', '0'), ('37054349', '0'), ('37123316', '0'), ('37150879', '0'), ('37326520', '0'), ('37529371', '0'), ('37605377', '0'), ('37711067', '0'), ('37756577', '0'), ('37839157', '0'), ('37840391', '0'), ('37905702', '0'), ('38042070', '0'), ('38100326', '0'), ('38134951', '0'), ('38208712', '0'), ('38232698', '0'), ('38375784', '0'), ('38531176', '0'), ('38560362', '0'), ('38562189', '0'), ('38576246', '0'), ('38577913', '0'), ('38645030', '0'), ('38670212', '0'), ('38709389', '0'), ('38796757', '0'), ('38871071', '0'), ('38878949', '0'), ('38905300', '0'), ('38919998', '0'), ('38939785', '0'), ('39075043', '0'), ('39155461', '0'), ('39280077', '0'), ('39353005', '0'), ('39377223', '0'), ('39384209', '0'), ('39472920', '0'), ('39675232', '0'), ('39766155', '0'), ('39789673', '0'), ('39841744', '0'), ('39892522', '0'), ('40063250', '0'), ('40129669', '0'), ('40227611', '0'), ('40283640', '0'), ('40305919', '0'), ('40413022', '0'), ('40532822', '0'), ('40608903', '0'), ('40613268', '0'), ('40624375', '0'), ('40629580', '0'), ('40688118', '0'), ('40769094', '0'), ('40864105', '0'), ('40873630', '0'), ('40912404', '0'), ('41024918', '0'), ('41129568', '0'), ('41174295', '0'), ('41307283', '0'), ('41317588', '0'), ('41369426', '0'), ('41387816', '0'), ('41482033', '0'), ('41609978', '0'), ('41692842', '0'), ('41712495', '1'), ('41781507', '0'), ('41787993', '1'), ('41873510', '0'), ('42037954', '0'), ('42059698', '0'), ('42085276', '0'), ('42177262', '0'), ('42221108', '0'), ('42273379', '0'), ('42343913', '0'), ('42403116', '0'), ('42427132', '0'), ('42475558', '1'), ('42488698', '0'), ('42504176', '0'), ('42632243', '0'), ('42668316', '0'), ('42728787', '0'), ('42741558', '0'), ('42741628', '0'), ('42747751', '0'), ('42837227', '0'), ('42855226', '0'), ('42917266', '0'), ('42917874', '0'), ('42964252', '1'), ('43058077', '0'), ('43222071', '0'), ('43241210', '0'), ('43262096', '0'), ('43300102', '0'), ('43301660', '0'), ('43318546', '0'), ('43349431', '0'), ('43409091', '0'), ('43475777', '0'), ('43510254', '0'), ('43530312', '0'), ('43558226', '0'), ('43566356', '0'), ('43782015', '0'), ('43782909', '0'), ('43888381', '0'), ('43889701', '0'), ('43914685', '0'), ('43976679', '1'), ('43995743', '0'), ('43999219', '0'), ('44021691', '0'), ('44041143', '0'), ('44072275', '0'), ('44166715', '0'), ('44400959', '0'), ('44401438', '0'), ('44665232', '0'), ('44739251', '0'), ('44747926', '0'), ('44837218', '0'), ('45046296', '0'), ('45107303', '0'), ('45221722', '0'), ('45267976', '0'), ('45270169', '0'), ('45333855', '0'), ('45416588', '0'), ('45467077', '0'), ('45510568', '1'), ('45625146', '0'), ('45660003', '0'), ('45772797', '0'), ('45812772', '0'), ('45853094', '0'), ('46113776', '0'), ('46337027', '0'), ('46512368', '0'), ('46825300', '0'), ('46844831', '0'), ('46852902', '0'), ('46909862', '0'), ('46935721', '1'), ('47043496', '1'), ('47106238', '0'), ('47152551', '0'), ('47219358', '0'), ('47362321', '0'), ('47495008', '0'), ('47516043', '0'), ('47598965', '0'), ('47641215', '0'), ('47644868', '0'), ('47661367', '0'), ('47936788', '0'), ('47965901', '0'), ('48008690', '0'), ('48120982', '0'), ('48131327', '0'), ('48137596', '0'), ('48253937', '0'), ('48265328', '0'), ('48288065', '0'), ('48289710', '0'), ('48364302', '1'), ('48444976', '0'), ('48455164', '0'), ('48557898', '0'), ('48652970', '0'), ('48694971', '0'), ('48709817', '0'), ('48714478', '0'), ('48797408', '0'), ('48887940', '1'), ('48888557', '0'), ('49147999', '0'), ('49169165', '0'), ('49172558', '0'), ('49212238', '0'), ('49220303', '0'), ('49257124', '0'), ('49297591', '0'), ('49301776', '0'), ('49348664', '0'), ('49420170', '0'), ('49426947', '0'), ('49500689', '0'), ('49505770', '0'), ('49573102', '0'), ('49620311', '0'), ('49698982', '0'), ('49752594', '0'), ('50009464', '0'), ('50064142', '0'), ('50123985', '0'), ('50163577', '0'), ('50205393', '0'), ('50303890', '0'), ('50473674', '0'), ('50693319', '0'), ('50721302', '1'), ('50730126', '1'), ('50818361', '0'), ('50904272', '0'), ('50956758', '0'), ('50973512', '0'), ('50986213', '0'), ('51063720', '0'), ('51149485', '0'), ('51184126', '0'), ('51192662', '1'), ('51307516', '0'), ('51337229', '0'), ('51429108', '0'), ('51514664', '0'), ('51633843', '0'), ('51708824', '0'), ('51789652', '0'), ('52016794', '0'), ('52017965', '0'), ('52074703', '0'), ('52077270', '0'), ('52093589', '0'), ('52112932', '0'), ('52116577', '0'), ('52140363', '0'), ('52143877', '0'), ('52145702', '0'), ('52225604', '0'), ('52231042', '0'), ('52257138', '0'), ('52279568', '0'), ('52348291', '0'), ('52382135', '0'), ('52446576', '0'), ('52458411', '0'), ('52469855', '0'), ('52541249', '0'), ('52551996', '0'), ('52606068', '0'), ('52635415', '0'), ('52776120', '0'), ('52818625', '0'), ('52845889', '0'), ('52865373', '0'), ('52931601', '0'), ('52940020', '0'), ('52944841', '0'), ('52983220', '0'), ('53060125', '0'), ('53130248', '0'), ('53234291', '0'), ('53291364', '0'), ('53320383', '0'), ('53432036', '0'), ('53445238', '0'), ('53541169', '0'), ('53651091', '0'), ('53661256', '0'), ('53825066', '0'), ('53830421', '0'), ('53866482', '0'), ('53920238', '0'), ('53978140', '0'), ('54135245', '0'), ('54141811', '0'), ('54199254', '0'), ('54324751', '0'), ('54368592', '1'), ('54370339', '0'), ('54392883', '0'), ('54415472', '1'), ('54423904', '0'), ('54547757', '0'), ('54669227', '0'), ('54675488', '0'), ('54677471', '0'), ('54725372', '0'), ('54729635', '1'), ('54770096', '0'), ('54784117', '0'), ('54793292', '0'), ('54900894', '0'), ('54927968', '0'), ('54949261', '0'), ('55001127', '0'), ('55011087', '0'), ('55101377', '0'), ('55253826', '0'), ('55260060', '0'), ('55311805', '0'), ('55444251', '0'), ('55602294', '0'), ('55615286', '0'), ('55682997', '0'), ('55719315', '0'), ('55746450', '0'), ('55765362', '0'), ('55813373', '0'), ('55882790', '0'), ('55919927', '0'), ('55979845', '0'), ('56048847', '0'), ('56124309', '0'), ('56189360', '0'), ('56295420', '0'), ('56355626', '0'), ('56399041', '0'), ('56420266', '0'), ('56468629', '1'), ('56532031', '0'), ('56639492', '0'), ('56799251', '0'), ('56838673', '0'), ('56989829', '0'), ('56996610', '0'), ('56999731', '0'), ('57051207', '0'), ('57246885', '0'), ('57426049', '0'), ('57497115', '0'), ('57506722', '0'), ('57507305', '0'), ('57748852', '0'), ('57906216', '0'), ('57986183', '0'), ('58098614', '0'), ('58103453', '0'), ('58108916', '0'), ('58114815', '0'), ('58134282', '0'), ('58148867', '0'), ('58160237', '0'), ('58167023', '0'), ('58383958', '0'), ('58514950', '0'), ('58521047', '0'), ('58526213', '0'), ('58546344', '0'), ('58595360', '0'), ('58611043', '0'), ('58612203', '0'), ('58697024', '0'), ('58769881', '0'), ('58773804', '0'), ('58944648', '0'), ('58994499', '0'), ('58996539', '0'), ('59018601', '0'), ('59050484', '0'), ('59088734', '0'), ('59103798', '0'), ('59200019', '0'), ('59252369', '0'), ('59373984', '0'), ('59605769', '0'), ('59618372', '0'), ('59678327', '0'), ('59804577', '0'), ('59812422', '0'), ('59830239', '0'), ('59999701', '0'), ('60092305', '0'), ('60100137', '0'), ('60170388', '0'), ('60306183', '0'), ('60347763', '0'), ('60520636', '0'), ('60737359', '0'), ('60802489', '0'), ('60824476', '1'), ('60867321', '0'), ('60877915', '0'), ('60895245', '0'), ('60925297', '0'), ('61026482', '0'), ('61185880', '0'), ('61297903', '0'), ('61298525', '0'), ('61428329', '0'), ('61550707', '0'), ('61759651', '0'), ('61798866', '0'), ('61839180', '0'), ('61868335', '0'), ('61911081', '0'), ('61993983', '0'), ('62010146', '0'), ('62107207', '0'), ('62168107', '1'), ('62168639', '1'), ('62198988', '0'), ('62294196', '0'), ('62320416', '0'), ('62420081', '1'), ('62428533', '0'), ('62433714', '0'), ('62481892', '0'), ('62509207', '0'), ('62568774', '0'), ('62657759', '0'), ('62753447', '0'), ('62792699', '0'), ('62820519', '0'), ('62926808', '0'), ('62941988', '0'), ('62977868', '0'), ('63018912', '0'), ('63050114', '0'), ('63100630', '0'), ('63106686', '0'), ('63121413', '0'), ('63174664', '0'), ('63276020', '0'), ('63448189', '0'), ('63482351', '0'), ('63497112', '0'), ('63551419', '0'), ('63643659', '0'), ('63663761', '0'), ('63726737', '1'), ('63807637', '0'), ('63829983', '0'), ('63838274', '0'), ('63853880', '0'), ('64043103', '0'), ('64139698', '0'), ('64364387', '0'), ('64401390', '0'), ('64405143', '1'), ('64443165', '0'), ('64451870', '0'), ('64500265', '0'), ('64566436', '0'), ('64570555', '1'), ('64599489', '0'), ('64635568', '0'), ('64678722', '0'), ('64805202', '0'), ('64832709', '0'), ('64835272', '0'), ('64848064', '0'), ('64853981', '0'), ('64857479', '0'), ('64909952', '0'), ('65101132', '0'), ('65128529', '0'), ('65133935', '0'), ('65142349', '0'), ('65216074', '0'), ('65217846', '0'), ('65236980', '0'), ('65273677', '0'), ('65349928', '1'), ('65353350', '0'), ('65410430', '0'), ('65425882', '0'), ('65479993', '0'), ('65488570', '0'), ('65503525', '0'), ('65511458', '0'), ('65546905', '0'), ('65621841', '0'), ('65645239', '0'), ('65805436', '0'), ('65850294', '0'), ('65972212', '0'), ('65990398', '0'), ('66036446', '0'), ('66047830', '0'), ('66255231', '0'), ('66265350', '0'), ('66299352', '0'), ('66317814', '0'), ('66326889', '0'), ('66392836', '0'), ('66415140', '0'), ('66499493', '0'), ('66555648', '0'), ('66559571', '0'), ('66619387', '0'), ('66643722', '0'), ('66679618', '0'), ('66705743', '0'), ('66752212', '0'), ('66759473', '0'), ('66809451', '0'), ('67092950', '0'), ('67177733', '0'), ('67242324', '0'), ('67269472', '1'), ('67295119', '0'), ('67338074', '0'), ('67361202', '0'), ('67397610', '0'), ('67402965', '0'), ('67421258', '0'), ('67499284', '1'), ('67523595', '0'), ('67575155', '0'), ('67678837', '0'), ('67714159', '0'), ('67785407', '0'), ('67814078', '0'), ('67816056', '0'), ('67847216', '0'), ('67866989', '0'), ('67991385', '0'), ('68045721', '0'), ('68081567', '0'), ('68176829', '0'), ('68188504', '0'), ('68196246', '1'), ('68392380', '0'), ('68397627', '0'), ('68539511', '0'), ('68575919', '0'), ('68612281', '0'), ('68662369', '0'), ('68714892', '0'), ('68791317', '0'), ('68984131', '0'), ('69082299', '0'), ('69148480', '0'), ('69167517', '0'), ('69261890', '0'), ('69293794', '0'), ('69349360', '0'), ('69458492', '0'), ('69553564', '0'), ('69562884', '0'), ('69593947', '0'), ('69654006', '0'), ('69676566', '0'), ('69701426', '0'), ('69752547', '0'), ('69897549', '0'), ('69915815', '0'), ('70079964', '0'), ('70126503', '0'), ('70152685', '0'), ('70229027', '0'), ('70368327', '0'), ('70451582', '0'), ('70491607', '0'), ('70643018', '0'), ('70747740', '0'), ('70755747', '0'), ('70854669', '0'), ('71129506', '0'), ('71328632', '0'), ('71374261', '0'), ('71398232', '0'), ('71408071', '0'), ('71414582', '0'), ('71430976', '0'), ('71517044', '0'), ('71618932', '0'), ('71620753', '0'), ('71640995', '0'), ('71664609', '0'), ('71669193', '0'), ('71674149', '0'), ('71779910', '0'), ('71873291', '0'), ('71879728', '0'), ('71937483', '0'), ('71982872', '0'), ('72149630', '0'), ('72212129', '0'), ('72281159', '0'), ('72302770', '0'), ('72328595', '0'), ('72469329', '0'), ('72515031', '0'), ('72521925', '0'), ('72572918', '0'), ('72613003', '0'), ('72717094', '0'), ('72718486', '0'), ('72723684', '0'), ('72944801', '1'), ('72973168', '0'), ('73037621', '0'), ('73043546', '0'), ('73422819', '0'), ('73444003', '0'), ('73463095', '0'), ('73479828', '0'), ('73483510', '0'), ('73552874', '0'), ('73556308', '0'), ('73607003', '0'), ('73682403', '0'), ('73695082', '0'), ('73720081', '0'), ('73733212', '0'), ('73763423', '0'), ('73797569', '0'), ('73808592', '0'), ('73936785', '0'), ('74068051', '0'), ('74076146', '0'), ('74082310', '0'), ('74223143', '0'), ('74281620', '0'), ('74289001', '0'), ('74396998', '0'), ('74479745', '0'), ('74510295', '0'), ('74588062', '0'), ('74627452', '0'), ('74644359', '0'), ('74735450', '0'), ('74822388', '0'), ('74857538', '0'), ('74885096', '0'), ('74893887', '0'), ('74929084', '0'), ('74939462', '0'), ('74990457', '0'), ('75003857', '0'), ('75004957', '0'), ('75006464', '0'), ('75119207', '0'), ('75126138', '0'), ('75141376', '0'), ('75188049', '0'), ('75203180', '0'), ('75222027', '0'), ('75284507', '0'), ('75396293', '0'), ('75493130', '0'), ('75740366', '0'), ('75766720', '0'), ('75844645', '0'), ('75872071', '0'), ('75929382', '0'), ('75929890', '0'), ('76127849', '0'), ('76132156', '0'), ('76132296', '0'), ('76320917', '0'), ('76509370', '0'), ('76642120', '0'), ('76652525', '0'), ('76690477', '0'), ('76698946', '0'), ('76742488', '0'), ('76860864', '0'), ('76927582', '0'), ('77020403', '0'), ('77029913', '0'), ('77070468', '0'), ('77080862', '0'), ('77184808', '0'), ('77196902', '0'), ('77233172', '0'), ('77263255', '0'), ('77279577', '0'), ('77321157', '0'), ('77351847', '0'), ('77428220', '0'), ('77464811', '0'), ('77473765', '0'), ('77528973', '0'), ('77566839', '0'), ('77613697', '0'), ('77653467', '1'), ('77937891', '0'), ('77940168', '0'), ('77943545', '0'), ('78003897', '0'), ('78073698', '0'), ('78171423', '0'), ('78184980', '1'), ('78194052', '0'), ('78240165', '0'), ('78268955', '0'), ('78422005', '0'), ('78449462', '0'), ('78449563', '0'), ('78536366', '1'), ('78744295', '0'), ('78805577', '0'), ('78910210', '0'), ('78985757', '0'), ('79015403', '0'), ('79055909', '0'), ('79110935', '0'), ('79156424', '0'), ('79226780', '0'), ('79252356', '0'), ('79258172', '0'), ('79313911', '0'), ('79443569', '0'), ('79459064', '0'), ('79514614', '0'), ('79632676', '0'), ('79639271', '0'), ('79725024', '0'), ('79725264', '0'), ('79727374', '0'), ('79757403', '0'), ('79999184', '0'), ('80056532', '0'), ('80062193', '0'), ('80084586', '0'), ('80090209', '0'), ('80116793', '0'), ('80131681', '0'), ('80147389', '0'), ('80239714', '0'), ('80249183', '0'), ('80309486', '1'), ('80369489', '0'), ('80389889', '0'), ('80396298', '0'), ('80435735', '0'), ('80441296', '1'), ('80444921', '0'), ('80615296', '0'), ('80634671', '0'), ('80648262', '0'), ('80767281', '0'), ('80848643', '0'), ('80972743', '0'), ('81099375', '0'), ('81171613', '0'), ('81194035', '0'), ('81370156', '1'), ('81419147', '0'), ('81527470', '0'), ('81528176', '0'), ('81635262', '0'), ('81729742', '1'), ('81820487', '0'), ('81826840', '0'), ('81856284', '0'), ('81943076', '0'), ('81950926', '0'), ('81986770', '0'), ('81989696', '0'), ('82055788', '0'), ('82072141', '0'), ('82082743', '0'), ('82239960', '0'), ('82319954', '1'), ('82325979', '0'), ('82440141', '0'), ('82579482', '0'), ('82579882', '0'), ('82616075', '0'), ('82646671', '0'), ('82656429', '0'), ('82673182', '0'), ('82777999', '0'), ('82807705', '0'), ('82852928', '0'), ('82975435', '0'), ('83002499', '0'), ('83024886', '0'), ('83044988', '0'), ('83050536', '0'), ('83115793', '0'), ('83147356', '0'), ('83194807', '1'), ('83272093', '0'), ('83283475', '0'), ('83294332', '0'), ('83351764', '0'), ('83361359', '0'), ('83391310', '0'), ('83410948', '0'), ('83427090', '0'), ('83550278', '0'), ('83564134', '0'), ('83578194', '0'), ('83646729', '0'), ('83708278', '0'), ('83748593', '0'), ('83754519', '0'), ('83773940', '0'), ('83780011', '0'), ('83822335', '0'), ('83931290', '0'), ('84060007', '0'), ('84126862', '0'), ('84320176', '0'), ('84440852', '0'), ('84497394', '1'), ('84531315', '0'), ('84553237', '0'), ('84654389', '0'), ('84692068', '0'), ('84698033', '0'), ('84882165', '0'), ('84885451', '0'), ('84888368', '0'), ('84921118', '1'), ('84995023', '0'), ('85079843', '0'), ('85246793', '0'), ('85300482', '0'), ('85357867', '0'), ('85442543', '0'), ('85725333', '0'), ('85777992', '0'), ('85804663', '0'), ('85908231', '0'), ('85930667', '0'), ('85938523', '0'), ('85985979', '0'), ('86087247', '0'), ('86141476', '0'), ('86143126', '0'), ('86174702', '0'), ('86284695', '0'), ('86295403', '1'), ('86435025', '0'), ('86563019', '0'), ('86585250', '0'), ('86587439', '0'), ('86613448', '0'), ('86650542', '0'), ('86665000', '0'), ('86714584', '0'), ('86796420', '0'), ('86814028', '0'), ('86883041', '0'), ('86952633', '0'), ('86964733', '0'), ('86970393', '0'), ('87027936', '0'), ('87174748', '0'), ('87206118', '0'), ('87211090', '0'), ('87238877', '0'), ('87282668', '0'), ('87366892', '0'), ('87384437', '0'), ('87620845', '1'), ('87638624', '0'), ('87920288', '0'), ('87920431', '0'), ('88039311', '0'), ('88089437', '0'), ('88098651', '0'), ('88164250', '0'), ('88241375', '0'), ('88303120', '0'), ('88319352', '0'), ('88365031', '0'), ('88378033', '0'), ('88394511', '0'), ('88464745', '0'), ('88505152', '0'), ('88524493', '0'), ('88538485', '0'), ('88680589', '0'), ('88711664', '0'), ('88779583', '0'), ('89030767', '0'), ('89095603', '0'), ('89236302', '0'), ('89278532', '0'), ('89279582', '0'), ('89295114', '0'), ('89381165', '0'), ('89386857', '0'), ('89419913', '0'), ('89421664', '0'), ('89485168', '0'), ('89514697', '0'), ('89538813', '0'), ('89688427', '0'), ('89718122', '0'), ('89793036', '0'), ('89820242', '0'), ('89869440', '0'), ('89931344', '0'), ('89984617', '0'), ('90039842', '0'), ('90058299', '0'), ('90183103', '0'), ('90208400', '0'), ('90308107', '0'), ('90310327', '0'), ('90324393', '0'), ('90375815', '0'), ('90491607', '0'), ('90556048', '0'), ('90579643', '0'), ('90681137', '0'), ('90697885', '0'), ('90760842', '0'), ('90801657', '0'), ('90860504', '0'), ('90876590', '0'), ('90941892', '0'), ('90964678', '0'), ('91050315', '0'), ('91084480', '0'), ('91182579', '0'), ('91260331', '0'), ('91330832', '0'), ('91337399', '0'), ('91364764', '0'), ('91386632', '0'), ('91437283', '0'), ('91466217', '0'), ('91527365', '0'), ('91541648', '0'), ('91574635', '0'), ('91590470', '0'), ('91693239', '0'), ('91698538', '0'), ('91823425', '0'), ('91827969', '0'), ('92020635', '0'), ('92109766', '0'), ('92220493', '0'), ('92254339', '0'), ('92257514', '0'), ('92273120', '0'), ('92304009', '0'), ('92400481', '0'), ('92428393', '0'), ('92564544', '0'), ('92655029', '0'), ('92727169', '0'), ('92765677', '0'), ('92797973', '0'), ('92866742', '0'), ('92904266', '0'), ('92917046', '0'), ('92949467', '0'), ('92974620', '0'), ('93136925', '0'), ('93153542', '0'), ('93250568', '0'), ('93338311', '0'), ('93407788', '0'), ('93454022', '0'), ('93495319', '0'), ('93521236', '0'), ('93716978', '0'), ('93719281', '0'), ('93917006', '0'), ('93927967', '0'), ('93948080', '0'), ('93948234', '0'), ('93950542', '1'), ('94248983', '0'), ('94329120', '0'), ('94353347', '0'), ('94401461', '0'), ('94510959', '0'), ('94530542', '0'), ('94588327', '0'), ('94604009', '0'), ('94647582', '0'), ('94729952', '0'), ('94741317', '0'), ('94777041', '0'), ('95012135', '1'), ('95018657', '0'), ('95034329', '0'), ('95070560', '0'), ('95203005', '0'), ('95222354', '0'), ('95289488', '0'), ('95379442', '0'), ('95474908', '0'), ('95521244', '0'), ('95541327', '0'), ('95572997', '0'), ('95581555', '0'), ('95590894', '1'), ('95623720', '0'), ('95710894', '0'), ('95846100', '0'), ('95908811', '0'), ('95935367', '0'), ('95960598', '0'), ('95975480', '0'), ('96026977', '0'), ('96061691', '0'), ('96150707', '1'), ('96151497', '0'), ('96159288', '0'), ('96264620', '0'), ('96264880', '0'), ('96305079', '0'), ('96308881', '0'), ('96407803', '0'), ('96428260', '0'), ('96447692', '0'), ('96528404', '1'), ('96553785', '0'), ('96581967', '1'), ('96608738', '1'), ('96688506', '0'), ('96720677', '0'), ('96725807', '0'), ('96819074', '0'), ('96840256', '0'), ('96904256', '0'), ('97023197', '0'), ('97174963', '0'), ('97240552', '0'), ('97250756', '1'), ('97321061', '0'), ('97463721', '0'), ('97628914', '0'), ('97636740', '0'), ('97679523', '0'), ('97736247', '0'), ('97785954', '0'), ('97815383', '0'), ('97911712', '0'), ('97915193', '0'), ('97923509', '0'), ('97926198', '1'), ('97941696', '0'), ('97943920', '0'), ('97964238', '0'), ('98029696', '1'), ('98045406', '0'), ('98100479', '0'), ('98127430', '0'), ('98156998', '0'), ('98326198', '0'), ('98368147', '0'), ('98370173', '1'), ('98385872', '0'), ('98424760', '0'), ('98451315', '0'), ('98508950', '0'), ('98538820', '0'), ('98542005', '0'), ('98592194', '0'), ('98593846', '0'), ('98692976', '0'), ('98807009', '0'), ('98813639', '0'), ('98824708', '0'), ('98878892', '0'), ('98901566', '1'), ('98951973', '0'), ('99126155', '0'), ('99245731', '0'), ('99291185', '0'), ('99402767', '0'), ('99557092', '1'), ('99586447', '0'), ('99636699', '0'), ('99640027', '0'), ('99696810', '0'), ('99784173', '0'), ('99927445', '0'), ('99955820', '0'), ('99998634', '0');
COMMIT;

-- ----------------------------
--  Table structure for `r_admin`
-- ----------------------------
DROP TABLE IF EXISTS `r_admin`;
CREATE TABLE `r_admin` (
  `id` varchar(50) NOT NULL,
  `role_code` varchar(50) NOT NULL COMMENT '角色id',
  `account` varchar(50) NOT NULL COMMENT '用户名',
  `password` varchar(50) NOT NULL COMMENT '密码',
  `state` int(11) NOT NULL COMMENT '状态:0:禁用1启用',
  `modify_time` datetime DEFAULT NULL COMMENT '更新时间',
  `create_time` datetime NOT NULL COMMENT '创建时间',
  `token` varchar(50) DEFAULT NULL COMMENT 'token',
  PRIMARY KEY (`id`),
  UNIQUE KEY `account` (`account`)
) ENGINE=InnoDB DEFAULT CHARSET=utf8 COMMENT='用户';

-- ----------------------------
--  Records of `r_admin`
-- ----------------------------
BEGIN;
INSERT INTO `r_admin` VALUES ('048e9ff880e246ad95e6c7ab3e19387e', 'school', 'aaaa', '3d2172418ce305c7d16d4b05597c6a59', '1', '2017-04-27 14:57:31', '2017-04-27 14:54:27', null), ('1', 'administrator', 'administrator', 'c4ca4238a0b923820dcc509a6f75849b', '1', '2017-04-20 15:08:47', '2014-10-14 09:28:36', null), ('29f4f78349ac4bcdb84b25a61c70bf20', 'school', 'fzfz', 'cea1511e885ca1ec6210a1222067713f', '1', null, '2017-05-09 14:46:38', null), ('38796757', 'school', 'ccc', '96e79218965eb72c92a549dd5a330112', '1', '2017-05-10 15:46:30', '2017-05-10 15:43:52', 'bba18cf322cf40ca911e6a3e0e50a712'), ('5d40cc7d-655b-11e4-873f-74d4357db269', 'admin', 'admin', 'c4ca4238a0b923820dcc509a6f75849b', '1', '2017-04-18 15:00:54', '2014-11-06 10:19:42', null), ('876eaac47d744a31aca43d52b21d9a03', 'school', 'aaa', 'c4ca4238a0b923820dcc509a6f75849b', '1', '2017-04-27 14:57:05', '2017-04-26 21:41:57', '3e812022f5984d119e680a152b56ba9d'), ('b5f8012b191e42a8a0b09a18cded86e5', 'school', 'bbb', 'c4ca4238a0b923820dcc509a6f75849b', '1', null, '2017-05-03 13:25:45', '4ea9ea24aa8c4717a39c73cb72d1e057');
COMMIT;

-- ----------------------------
--  Table structure for `r_right`
-- ----------------------------
DROP TABLE IF EXISTS `r_right`;
CREATE TABLE `r_right` (
  `id` varchar(50) NOT NULL,
  `parent_id` varchar(50) NOT NULL COMMENT '父级id 默认0',
  `name` varchar(100) NOT NULL COMMENT '名称 增加，删除.....',
  `code` varchar(50) NOT NULL COMMENT '编号',
  `icon` varchar(100) DEFAULT NULL,
  `url` varchar(200) DEFAULT NULL,
  `info` varchar(500) DEFAULT NULL COMMENT '说明',
  `level` int(11) NOT NULL,
  `sort_order` int(11) NOT NULL DEFAULT '0',
  `create_time` datetime NOT NULL COMMENT '创建时间',
  PRIMARY KEY (`id`)
) ENGINE=InnoDB DEFAULT CHARSET=utf8 COMMENT='菜单';

-- ----------------------------
--  Records of `r_right`
-- ----------------------------
BEGIN;
INSERT INTO `r_right` VALUES ('0c98e6d0216848ed91f5e76f094b46a0', '37a51b5638ea47039200c47e28675fcd', '约战管理', 'gameMgr', 'ext-icon-sport_basketball', 'game/gameList', null, '2', '70', '2017-05-31 13:57:58'), ('2', 'b1bacfe72d06414fba4e9f91a8ffd33e', '用户组', 'group', 'ext-icon-asterisk_orange', 'role/roleList', '', '2', '45', '2014-10-14 11:27:30'), ('2baf3d3ce54b4c1d83fdad31fe51a762', 'e4124981c12e430480262595edc13cfb', '问题中心', 'wtzx', 'ext-icon-image_link', 'common/single&code=question', '', '2', '4', '2015-05-30 11:21:25'), ('2cd96340-9fb3-11e4-8005-74d4357db269', 'e4124981c12e430480262595edc13cfb', '关于我们', 'aboutus', 'ext-icon-connect', 'common/single&code=about', '', '2', '8', '2015-01-19 16:14:29'), ('3', 'b1bacfe72d06414fba4e9f91a8ffd33e', '菜单', 'right', 'ext-icon-key', 'role/menus', '', '2', '50', '2014-10-14 13:17:24'), ('37a51b5638ea47039200c47e28675fcd', '0', '篮球约战', 'app_business', 'ext-icon-sport_basketball', null, null, '1', '60', '2017-05-24 10:44:52'), ('37ea7b3cb4694614b6263d14647b9918', '37a51b5638ea47039200c47e28675fcd', '用户管理', 'userMgr', 'ext-icon-tux', 'user/userList', null, '2', '100', '2017-05-27 14:57:58'), ('4', '0', '系统管理', 'system', 'ext-icon-cog', '', '', '1', '10', '2014-10-17 14:41:48'), ('4374aa49c47c466daaf9ab646fe01983', '37a51b5638ea47039200c47e28675fcd', '比赛地址管理', 'placeMgr', 'ext-icon-flag_blue', 'place/placeList', null, '2', '8', '2017-07-11 10:43:25'), ('44434349-a1f4-11e4-b53a-74d4357db269', 'b1bacfe72d06414fba4e9f91a8ffd33e', '定时任务', 'task', 'ext-icon-compress', 'task/taskList', '', '2', '3', '2015-01-22 13:05:26'), ('4b26976aeb984a759dc2d13fb9eed59c', '37a51b5638ea47039200c47e28675fcd', '排行榜管理', 'scoreTopMgr', 'ext-icon-star', 'score/scoreList', null, '2', '70', '2017-06-02 10:30:38'), ('4e0e6ddeb9cf4803949c9585b9a45ac1', '37a51b5638ea47039200c47e28675fcd', '视频管理', 'videoMgr', 'ext-icon-control_play_blue', 'video/videoList', null, '2', '80', '2017-05-27 17:04:13'), ('4ee62beeec7a4ae8bb371ad0322c66cf', 'e4124981c12e430480262595edc13cfb', '商家消息', 'storeNotify', 'ext-icon-mouse_delete', 'notify/storeNotifyList', null, '2', '25', '2016-12-09 16:03:13'), ('5', 'e4124981c12e430480262595edc13cfb', '用户反馈', 'feedback', 'ext-icon-plugin', 'feedback/feedbackList', '用户反馈', '2', '9', '2014-10-18 09:01:38'), ('5359d18e3f7448faa505245c9792c6aa', '37a51b5638ea47039200c47e28675fcd', '兑换礼品管理', 'productList', 'ext-icon-cake', 'product/productList', null, '2', '60', '2017-06-02 10:38:36'), ('56ea2ae2-9577-11e4-8005-74d4357db269', 'e4124981c12e430480262595edc13cfb', '消息推送', 'pushMsg', 'ext-icon-clock', 'msg/msgList', '', '2', '20', '2015-01-06 15:40:56'), ('5e968a4d2bd64272a9e34e59f5d7f651', '37a51b5638ea47039200c47e28675fcd', '系统管理', 'adminMgr', 'ext-icon-group_gear', 'admin/adminList', null, '2', '10', '2017-06-02 10:42:02'), ('6', '4', '基础代码', 'code', 'ext-icon-database_gear', 'code/codeList', '基础代码', '2', '10', '2014-10-17 14:43:51'), ('6b0ea0c5871c4db28e49a23d827833bc', '0', '网站管理', 'webAdmin', 'ext-icon-rss', null, null, '1', '20', '2016-12-22 13:40:13'), ('7', '4', '后台用户', 'add_user', 'ext-icon-asterisk_orange', 'role/userList', '', '2', '2', '2014-10-23 15:16:21'), ('73f8290b-9577-11e4-8005-74d4357db269', 'e4124981c12e430480262595edc13cfb', '消息发布', 'pushNotify', 'ext-icon-comments', 'notify/notifyList', '', '2', '30', '2015-01-06 15:41:44'), ('74a67746a149491f8cf05c2332ff33a0', '37a51b5638ea47039200c47e28675fcd', '轮播图管理', 'bannerMgr', 'ext-icon-image_edit', 'banner/bannerList', null, '2', '90', '2017-05-27 14:59:25'), ('794b81ccf3bb47fdb16e95fa2fe75bb0', '37a51b5638ea47039200c47e28675fcd', '订单列表', 'orderMgr', 'ext-icon-database_table', 'order/orderList', null, '2', '7', '2017-07-11 16:02:18'), ('7e43cc477135474d93a181dfd0061612', 'e4124981c12e430480262595edc13cfb', '软件许可协议', 'rjxkxy', 'ext-icon-contrast_decrease', 'common/single&code=protocol', '', '2', '3', '2015-06-10 13:59:16'), ('801e843b7fb54107ba66b61d9adf267c', 'e4124981c12e430480262595edc13cfb', '帮助中心', 'bzzx', 'ext-icon-cake', 'common/single&code=help', '', '2', '5', '2015-05-30 11:20:54'), ('9be35644a1ee46658a5550e1e57b2d3c', 'e4124981c12e430480262595edc13cfb', '欢迎页', 'welcome', 'ext-icon-wand', 'code/imgCode&code=welcome@sys', '', '2', '7', '2015-05-12 14:00:40'), ('a46f68f82eab4942ba26ef2ad0db1942', 'e4124981c12e430480262595edc13cfb', '系统任务', 'dailyTask', 'ext-icon-sport_football', 'task/taskList', '', '2', '40', '2015-05-27 17:23:23'), ('a6f9fba0025348eeb9a1c16a849c0eef', 'b1bacfe72d06414fba4e9f91a8ffd33e', '短信日志', 'dxrz', 'ext-icon-book_add', 'user/smsSendLogList', '', '2', '40', '2015-08-11 16:07:16'), ('b0ffb3b5-a39f-11e4-b53a-74d4357db269', 'b1bacfe72d06414fba4e9f91a8ffd33e', '系统监控', 'watch', 'ext-icon-drive', 'sys/druid', '', '2', '0', '2015-01-24 16:05:04'), ('b1bacfe72d06414fba4e9f91a8ffd33e', '0', '开发者中心', 'developer', 'ext-icon-find', '', '开发者专用', '1', '1', '2015-05-15 16:20:43'), ('bbc637c606f64372b99854dbedde4c76', 'e4124981c12e430480262595edc13cfb', '积分兑换说明', 'jfdhsm', 'ext-icon-building_edit', 'common/single&code=creditInfo', '', '2', '6', '2015-05-30 10:49:15'), ('bc2303cbd8364029be1940c59de6d4ba', '37a51b5638ea47039200c47e28675fcd', '消息管理', 'messageMgr', 'ext-icon-comment', 'message/messageList', null, '2', '40', '2017-06-02 10:39:59'), ('e4124981c12e430480262595edc13cfb', '0', '应用管理', 'app', 'ext-icon-telephone', '', '', '1', '40', '2015-05-20 15:16:00');
COMMIT;

-- ----------------------------
--  Table structure for `r_role`
-- ----------------------------
DROP TABLE IF EXISTS `r_role`;
CREATE TABLE `r_role` (
  `id` varchar(50) NOT NULL,
  `group_id` varchar(50) NOT NULL,
  `parent_id` varchar(50) NOT NULL COMMENT '默认0',
  `name` varchar(50) NOT NULL COMMENT '名称',
  `code` varchar(50) NOT NULL COMMENT '编号',
  `info` varchar(200) DEFAULT NULL COMMENT '说明',
  `state` int(11) NOT NULL COMMENT '是否启用:0禁用1启用',
  `rights` varchar(3000) DEFAULT NULL COMMENT '操作权限',
  `level` int(11) NOT NULL,
  `modify_time` datetime DEFAULT NULL COMMENT '更新时间',
  `create_time` datetime NOT NULL COMMENT '创建时间',
  PRIMARY KEY (`id`),
  KEY `AK_Key_role` (`code`) USING BTREE
) ENGINE=InnoDB DEFAULT CHARSET=utf8 COMMENT='角色';

-- ----------------------------
--  Records of `r_role`
-- ----------------------------
BEGIN;
INSERT INTO `r_role` VALUES ('1', '1', '0', '超级管理员', 'administrator', null, '1', '[a46f68f82eab4942ba26ef2ad0db1942],[e4124981c12e430480262595edc13cfb],[73f8290b-9577-11e4-8005-74d4357db269],[56ea2ae2-9577-11e4-8005-74d4357db269],[5],[2cd96340-9fb3-11e4-8005-74d4357db269],[9be35644a1ee46658a5550e1e57b2d3c],[bbc637c606f64372b99854dbedde4c76],[801e843b7fb54107ba66b61d9adf267c],[2baf3d3ce54b4c1d83fdad31fe51a762],[7e43cc477135474d93a181dfd0061612],[4],[6],[7],[b1bacfe72d06414fba4e9f91a8ffd33e],[3],[2],[a6f9fba0025348eeb9a1c16a849c0eef],[44434349-a1f4-11e4-b53a-74d4357db269],[b0ffb3b5-a39f-11e4-b53a-74d4357db269]', '0', '2017-06-08 13:36:30', '2014-11-06 08:57:56'), ('250d75a7-655b-11e4-873f-74d4357db269', 'd8f0af91-655a-11e4-873f-74d4357db269', '0', '管理员', 'admin', null, '1', '[37ea7b3cb4694614b6263d14647b9918],[37a51b5638ea47039200c47e28675fcd],[74a67746a149491f8cf05c2332ff33a0],[4e0e6ddeb9cf4803949c9585b9a45ac1],[0c98e6d0216848ed91f5e76f094b46a0],[4b26976aeb984a759dc2d13fb9eed59c],[5359d18e3f7448faa505245c9792c6aa],[4374aa49c47c466daaf9ab646fe01983],[794b81ccf3bb47fdb16e95fa2fe75bb0],[5],[e4124981c12e430480262595edc13cfb]', '1', '2017-07-12 17:25:25', '2014-11-06 10:18:08');
COMMIT;

-- ----------------------------
--  Table structure for `r_user_group`
-- ----------------------------
DROP TABLE IF EXISTS `r_user_group`;
CREATE TABLE `r_user_group` (
  `id` varchar(50) NOT NULL,
  `parent_id` varchar(50) NOT NULL COMMENT '父id 没有父级就是0',
  `code` varchar(50) NOT NULL COMMENT '编号',
  `name` varchar(50) NOT NULL COMMENT '用户组名称',
  `info` varchar(200) DEFAULT NULL COMMENT '描述',
  `url` varchar(200) DEFAULT NULL COMMENT '跳转',
  `class_name` varchar(50) NOT NULL COMMENT '映射类',
  `level` int(11) NOT NULL,
  `modify_time` datetime DEFAULT NULL COMMENT '更新时间',
  `create_time` datetime NOT NULL COMMENT '创建时间',
  PRIMARY KEY (`id`),
  KEY `AK_Key_code` (`code`) USING BTREE
) ENGINE=InnoDB DEFAULT CHARSET=utf8 COMMENT='用户组';

-- ----------------------------
--  Records of `r_user_group`
-- ----------------------------
BEGIN;
INSERT INTO `r_user_group` VALUES ('1', '0', 'administrator', '管理员', '管理员后台', null, 'AdminService', '0', '2015-03-31 08:42:06', '2014-11-06 09:02:11'), ('d8f0af91-655a-11e4-873f-74d4357db269', '1', 'admin', '管理员', '管理员后台', null, 'AdminService', '1', '2014-11-06 10:16:00', '2014-11-06 10:16:00');
COMMIT;

SET FOREIGN_KEY_CHECKS = 1;
